strategy,data_name,coverage,mean_width,cwc,mwi,total_time,noise_std,num_samples,noise_type,layer_size,ssc,cv_size,optimiser,bagging_fraction
jackknife_plus_ab,linear,0.896666667,0.680626045,0.931937385,17354.50632,2.800299168,0,1000,normal,"(200, 1000)",[[1.         1.         1.         0.98333333 0.5       ]],5,adam,0.1
jackknife_plus_ab,linear,0.893333333,0.88504998,0.915723267,17002.69885,2.911741495,0.2,1000,normal,"(200, 1000)",[[0.98333333 0.95       0.83333333 0.91666667 0.78333333]],5,adam,0.1
jackknife_plus_ab,linear,0.903333333,1.726162288,0.848830507,15021.10835,3.500842333,0.5,1000,normal,"(200, 1000)",[[0.88333333 0.9        0.93333333 0.9        0.9       ]],5,adam,0.1
jackknife_plus_ab,linear,0.923333333,3.461460461,0.72675422,11370.30585,2.579409361,1,1000,normal,"(200, 1000)",[[0.93333333 0.95       0.88333333 0.91666667 0.93333333]],5,adam,0.1
jackknife_plus_ab,linear,0.91,0.194616352,0.980538267,19338.51224,5.233284473,0,1000,normal,"(200, 1000)",[[1.   1.   1.   1.   0.55]],5,adam,0.3
jackknife_plus_ab,linear,0.89,0.647343875,0.937425815,18192.79902,6.601420879,0.2,1000,normal,"(200, 1000)",[[0.9        0.88333333 0.91666667 0.83333333 0.91666667]],5,adam,0.3
jackknife_plus_ab,linear,0.89,1.693042619,0.843669844,15341.3709,4.665658474,0.5,1000,normal,"(200, 1000)",[[0.85       0.83333333 0.91666667 0.9        0.95      ]],5,adam,0.3
jackknife_plus_ab,linear,0.913333333,3.373678366,0.756584029,11864.16752,5.432849407,1,1000,normal,"(200, 1000)",[[0.96666667 0.83333333 0.86666667 0.98333333 0.91666667]],5,adam,0.3
jackknife_plus_ab,linear,0.926666667,0.024569644,0.997542326,19986.17815,7.948108912,0,1000,normal,"(200, 1000)",[[0.96666667 0.91666667 0.91666667 0.86666667 0.96666667]],5,adam,0.5
jackknife_plus_ab,linear,0.89,0.67282355,0.936194812,18076.49062,8.321389437,0.2,1000,normal,"(200, 1000)",[[0.93333333 0.9        0.88333333 0.9        0.83333333]],5,adam,0.5
jackknife_plus_ab,linear,0.916666667,1.741725793,0.845028143,15382.16995,8.334680319,0.5,1000,normal,"(200, 1000)",[[0.95       0.91666667 0.95       0.9        0.86666667]],5,adam,0.5
jackknife_plus_ab,linear,0.923333333,3.462288349,0.757673647,11731.57626,7.389327049,1,1000,normal,"(200, 1000)",[[0.95       0.96666667 0.86666667 0.91666667 0.91666667]],5,adam,0.5
jackknife_plus_ab,linear,0.9,0.488258668,0.951174133,18114.65581,4.350155354,0,1000,normal,"(200, 1000)",[[1.         1.         1.         0.91666667 0.58333333]],10,adam,0.1
jackknife_plus_ab,linear,0.893333333,0.782846139,0.926528042,17359.72113,4.323785067,0.2,1000,normal,"(200, 1000)",[[0.96666667 0.93333333 0.95       0.78333333 0.83333333]],10,adam,0.1
jackknife_plus_ab,linear,0.913333333,1.726506466,0.847544691,15056.55303,4.131245136,0.5,1000,normal,"(200, 1000)",[[0.91666667 0.91666667 0.91666667 0.9        0.91666667]],10,adam,0.1
jackknife_plus_ab,linear,0.886666667,3.205773914,0.749939006,11705.85235,3.752646208,1,1000,normal,"(200, 1000)",[[0.93333333 0.91666667 0.83333333 0.83333333 0.91666667]],10,adam,0.1
jackknife_plus_ab,linear,0.903333333,0.239017553,0.976098234,19131.07768,7.914976835,0,1000,normal,"(200, 1000)",[[1.         1.         1.         0.86666667 0.65      ]],10,adam,0.3
jackknife_plus_ab,linear,0.916666667,0.660890405,0.935896649,18049.00526,12.3359921,0.2,1000,normal,"(200, 1000)",[[0.91666667 0.9        0.95       0.95       0.86666667]],10,adam,0.3
jackknife_plus_ab,linear,0.926666667,1.738385929,0.856402227,15226.46328,8.384960175,0.5,1000,normal,"(200, 1000)",[[0.9        0.93333333 0.9        0.98333333 0.91666667]],10,adam,0.3
jackknife_plus_ab,linear,0.886666667,3.362789808,0.724105586,11518.59779,8.354743481,1,1000,normal,"(200, 1000)",[[0.9        0.8        0.95       0.91666667 0.86666667]],10,adam,0.3
jackknife_plus_ab,linear,0.903333333,0.023930261,0.997606963,19984.0659,13.6432693,0,1000,normal,"(200, 1000)",[[1.         0.98333333 0.91666667 0.91666667 0.7       ]],10,adam,0.5
jackknife_plus_ab,linear,0.92,0.663360025,0.937357028,18056.16139,13.68920946,0.2,1000,normal,"(200, 1000)",[[0.83333333 0.96666667 0.91666667 0.91666667 0.96666667]],10,adam,0.5
jackknife_plus_ab,linear,0.89,1.627249878,0.855272914,15486.64386,15.83378601,0.5,1000,normal,"(200, 1000)",[[0.85       0.91666667 0.91666667 0.88333333 0.88333333]],10,adam,0.5
jackknife_plus_ab,linear,0.91,3.423744545,0.72449074,11593.94251,11.45718312,1,1000,normal,"(200, 1000)",[[0.93333333 0.85       0.98333333 0.88333333 0.9       ]],10,adam,0.5
jackknife_plus_ab,linear,0.9,0.58778135,0.941221865,17721.92347,7.05038929,0,1000,normal,"(200, 1000)",[[1.         1.         1.         0.91666667 0.58333333]],20,adam,0.1
jackknife_plus_ab,linear,0.903333333,0.851728986,0.916740475,17038.07323,6.630501747,0.2,1000,normal,"(200, 1000)",[[0.91666667 0.95       0.86666667 0.96666667 0.81666667]],20,adam,0.1
jackknife_plus_ab,linear,0.91,1.784859497,0.843367658,14828.64365,7.003879547,0.5,1000,normal,"(200, 1000)",[[0.88333333 0.91666667 0.96666667 0.9        0.88333333]],20,adam,0.1
jackknife_plus_ab,linear,0.903333333,3.54997837,0.751443581,10976.31194,7.345620394,1,1000,normal,"(200, 1000)",[[0.88333333 0.93333333 0.9        0.9        0.9       ]],20,adam,0.1
jackknife_plus_ab,linear,0.91,0.187125009,0.981287401,19353.81001,17.26601338,0,1000,normal,"(200, 1000)",[[1.         1.         1.         0.73333333 0.81666667]],20,adam,0.3
jackknife_plus_ab,linear,0.916666667,0.691201415,0.933982359,18014.90604,18.07193041,0.2,1000,normal,"(200, 1000)",[[0.91666667 0.93333333 0.88333333 0.9        0.95      ]],20,adam,0.3
jackknife_plus_ab,linear,0.943333333,1.644584604,0.848152484,15489.6063,18.41836572,0.5,1000,normal,"(200, 1000)",[[0.95       0.96666667 0.93333333 0.95       0.91666667]],20,adam,0.3
jackknife_plus_ab,linear,0.893333333,3.338389584,0.74635248,12002.84992,17.50486636,1,1000,normal,"(200, 1000)",[[0.93333333 0.83333333 0.86666667 0.9        0.93333333]],20,adam,0.3
jackknife_plus_ab,linear,0.93,0.037699196,0.996229184,19928.71417,25.50708485,0,1000,normal,"(200, 1000)",[[1.         0.98333333 0.96666667 1.         0.7       ]],20,adam,0.5
jackknife_plus_ab,linear,0.923333333,0.648980584,0.934963474,18143.37501,25.98765707,0.2,1000,normal,"(200, 1000)",[[0.91666667 0.9        0.93333333 0.9        0.96666667]],20,adam,0.5
jackknife_plus_ab,linear,0.883333333,1.631308256,0.860580293,15521.31522,23.99540377,0.5,1000,normal,"(200, 1000)",[[0.8        0.95       0.83333333 0.91666667 0.91666667]],20,adam,0.5
jackknife_plus_ab,linear,0.873333333,3.380646556,0.763938131,12099.23818,23.52502179,1,1000,normal,"(200, 1000)",[[0.91666667 0.88333333 0.81666667 0.9        0.85      ]],20,adam,0.5
jackknife_plus_ab,linear,0.903333333,0.557981339,0.944201856,17824.85649,15.43973327,0,1000,normal,"(200, 1000)",[[1.         1.         1.         0.96666667 0.55      ]],50,adam,0.1
jackknife_plus_ab,linear,0.92,0.871982887,0.916928051,16932.08819,14.35207963,0.2,1000,normal,"(200, 1000)",[[0.88333333 0.93333333 0.91666667 0.95       0.91666667]],50,adam,0.1
jackknife_plus_ab,linear,0.913333333,1.732596992,0.84705186,14949.97542,15.15897655,0.5,1000,normal,"(200, 1000)",[[0.95       0.91666667 0.93333333 0.86666667 0.9       ]],50,adam,0.1
jackknife_plus_ab,linear,0.893333333,3.235616358,0.759281881,12188.39288,15.39493322,1,1000,normal,"(200, 1000)",[[0.86666667 0.85       0.96666667 0.9        0.88333333]],50,adam,0.1
jackknife_plus_ab,linear,0.903333333,0.157232721,0.984276717,19482.02476,42.45478845,0,1000,normal,"(200, 1000)",[[1.         1.         1.         1.         0.51666667]],50,adam,0.3
jackknife_plus_ab,linear,0.88,0.65623202,0.937027978,17981.60417,43.06872082,0.2,1000,normal,"(200, 1000)",[[0.93333333 0.81666667 0.91666667 0.85       0.88333333]],50,adam,0.3
jackknife_plus_ab,linear,0.886666667,1.623755713,0.863176466,15492.96805,41.22289634,0.5,1000,normal,"(200, 1000)",[[0.88333333 0.9        0.86666667 0.85       0.93333333]],50,adam,0.3
jackknife_plus_ab,linear,0.89,3.061907059,0.75134297,12583.16633,38.38584304,1,1000,normal,"(200, 1000)",[[0.9        0.9        0.86666667 0.93333333 0.85      ]],50,adam,0.3
jackknife_plus_ab,linear,0.936666667,0.023562504,0.997642408,19981.29118,64.41473794,0,1000,normal,"(200, 1000)",[[1.         1.         0.98333333 0.93333333 0.76666667]],50,adam,0.5
jackknife_plus_ab,linear,0.916666667,0.662888344,0.936022285,18076.43858,62.21810651,0.2,1000,normal,"(200, 1000)",[[0.86666667 0.96666667 0.96666667 0.85       0.93333333]],50,adam,0.5
jackknife_plus_ab,linear,0.923333333,1.651306546,0.846168241,15384.78878,73.51446199,0.5,1000,normal,"(200, 1000)",[[0.96666667 0.91666667 0.9        0.95       0.88333333]],50,adam,0.5
jackknife_plus_ab,linear,0.893333333,3.307145024,0.754390808,12222.76058,55.45426965,1,1000,normal,"(200, 1000)",[[0.9        0.86666667 0.85       0.9        0.95      ]],50,adam,0.5
jackknife_plus_ab,sinex_het,0.88,5.230522462,0.632477279,5176.93094,7.873355627,0,1000,normal,"(200, 1000)",[[0.93333333 0.91666667 0.96666667 0.78333333 0.8       ]],5,adam,0.1
jackknife_plus_ab,sinex_het,0.903333333,5.236441519,0.659253987,4853.673227,6.963225365,0.2,1000,normal,"(200, 1000)",[[0.95       0.95       0.93333333 0.85       0.83333333]],5,adam,0.1
jackknife_plus_ab,sinex_het,0.893333333,6.860813232,0.480629096,2131.686071,6.093025446,0.5,1000,normal,"(200, 1000)",[[0.95       0.98333333 0.98333333 0.85       0.7       ]],5,adam,0.1
jackknife_plus_ab,sinex_het,0.91,6.674125791,0.600228432,2916.329984,6.603136778,1,1000,normal,"(200, 1000)",[[0.9        0.95       0.91666667 0.93333333 0.85      ]],5,adam,0.1
jackknife_plus_ab,sinex_het,0.91,5.254605308,0.605714091,5019.639632,13.08013868,0,1000,normal,"(200, 1000)",[[0.86666667 0.88333333 0.95       0.95       0.9       ]],5,adam,0.3
jackknife_plus_ab,sinex_het,0.856666667,5.013732295,0.620133778,5584.298673,11.11017871,0.2,1000,normal,"(200, 1000)",[[0.76666667 0.86666667 0.91666667 0.88333333 0.85      ]],5,adam,0.3
jackknife_plus_ab,sinex_het,0.896666667,5.088047407,0.666008378,5662.045049,11.81141543,0.5,1000,normal,"(200, 1000)",[[0.96666667 0.96666667 0.88333333 0.8        0.86666667]],5,adam,0.3
jackknife_plus_ab,sinex_het,0.89,5.815806062,0.606729365,4896.492912,9.131162882,1,1000,normal,"(200, 1000)",[[0.9        0.91666667 0.91666667 0.86666667 0.85      ]],5,adam,0.3
jackknife_plus_ab,sinex_het,0.886666667,4.76294409,0.668914668,6144.86627,13.49301004,0,1000,normal,"(200, 1000)",[[0.98333333 0.91666667 0.83333333 0.85       0.85      ]],5,adam,0.5
jackknife_plus_ab,sinex_het,0.9,4.934673562,0.674228254,6035.555839,13.79999781,0.2,1000,normal,"(200, 1000)",[[0.93333333 0.93333333 0.91666667 0.98333333 0.73333333]],5,adam,0.5
jackknife_plus_ab,sinex_het,0.906666667,5.376778323,0.605160949,5430.92514,13.51517081,0.5,1000,normal,"(200, 1000)",[[0.78333333 0.86666667 0.93333333 0.96666667 0.98333333]],5,adam,0.5
jackknife_plus_ab,sinex_het,0.926666667,5.864509818,0.579199057,4693.016769,12.78255677,1,1000,normal,"(200, 1000)",[[0.96666667 1.         0.98333333 0.91666667 0.76666667]],5,adam,0.5
jackknife_plus_ab,sinex_het,0.906666667,4.975996046,0.679737176,5174.141829,11.43315411,0,1000,normal,"(200, 1000)",[[0.96666667 0.88333333 0.85       0.93333333 0.9       ]],10,adam,0.1
jackknife_plus_ab,sinex_het,0.88,4.798595011,0.68750286,6008.483939,13.24579525,0.2,1000,normal,"(200, 1000)",[[0.91666667 0.98333333 0.83333333 0.86666667 0.8       ]],10,adam,0.1
jackknife_plus_ab,sinex_het,0.9,5.994082368,0.626286494,3934.965513,11.86322379,0.5,1000,normal,"(200, 1000)",[[0.98333333 0.91666667 0.95       0.93333333 0.71666667]],10,adam,0.1
jackknife_plus_ab,sinex_het,0.91,6.547079023,0.637221001,3269.637552,11.33153558,1,1000,normal,"(200, 1000)",[[0.85       0.9        0.9        0.93333333 0.96666667]],10,adam,0.1
jackknife_plus_ab,sinex_het,0.87,4.884275134,0.73402837,6033.713716,19.42495012,0,1000,normal,"(200, 1000)",[[0.8        0.85       0.83333333 0.88333333 0.98333333]],10,adam,0.3
jackknife_plus_ab,sinex_het,0.906666667,4.90224913,0.656328081,5880.59167,16.76049423,0.2,1000,normal,"(200, 1000)",[[0.88333333 0.9        0.88333333 0.95       0.91666667]],10,adam,0.3
jackknife_plus_ab,sinex_het,0.926666667,5.258973997,0.632174636,5447.148282,17.3853178,0.5,1000,normal,"(200, 1000)",[[0.78333333 0.98333333 0.91666667 0.98333333 0.96666667]],10,adam,0.3
jackknife_plus_ab,sinex_het,0.886666667,5.831890833,0.624507222,4789.953504,18.02675319,1,1000,normal,"(200, 1000)",[[0.91666667 0.93333333 0.95       0.83333333 0.8       ]],10,adam,0.3
jackknife_plus_ab,sinex_het,0.896666667,4.736141246,0.678063215,5747.492518,23.48677063,0,1000,normal,"(200, 1000)",[[0.93333333 0.91666667 0.98333333 0.93333333 0.71666667]],10,adam,0.5
jackknife_plus_ab,sinex_het,0.92,4.786905739,0.627692837,6274.142971,27.06204772,0.2,1000,normal,"(200, 1000)",[[1.         1.         0.9        0.83333333 0.86666667]],10,adam,0.5
jackknife_plus_ab,sinex_het,0.9,5.422653639,0.652606194,4738.235253,23.96786952,0.5,1000,normal,"(200, 1000)",[[0.71666667 0.9        0.96666667 0.95       0.96666667]],10,adam,0.5
jackknife_plus_ab,sinex_het,0.9,5.806000888,0.604560618,5089.592364,25.17166638,1,1000,normal,"(200, 1000)",[[0.86666667 0.86666667 0.96666667 0.91666667 0.88333333]],10,adam,0.5
jackknife_plus_ab,sinex_het,0.896666667,5.671644125,0.611206457,3683.142495,17.95373106,0,1000,normal,"(200, 1000)",[[0.91666667 0.85       0.83333333 0.95       0.93333333]],20,adam,0.1
jackknife_plus_ab,sinex_het,0.88,5.573822592,0.555059273,4152.965373,19.11030316,0.2,1000,normal,"(200, 1000)",[[0.78333333 0.91666667 0.95       0.96666667 0.78333333]],20,adam,0.1
jackknife_plus_ab,sinex_het,0.906666667,5.400979819,0.598433508,4422.164981,22.36535001,0.5,1000,normal,"(200, 1000)",[[0.88333333 0.9        0.95       0.93333333 0.86666667]],20,adam,0.1
jackknife_plus_ab,sinex_het,0.89,6.400155804,0.617689516,3620.631442,17.7220788,1,1000,normal,"(200, 1000)",[[0.9        0.95       0.83333333 0.9        0.86666667]],20,adam,0.1
jackknife_plus_ab,sinex_het,0.89,4.909450026,0.627157023,5635.265398,35.37946701,0,1000,normal,"(200, 1000)",[[0.81666667 0.88333333 0.96666667 0.98333333 0.8       ]],20,adam,0.3
jackknife_plus_ab,sinex_het,0.916666667,4.911355713,0.673706374,5742.318535,33.91054153,0.2,1000,normal,"(200, 1000)",[[0.91666667 0.83333333 0.93333333 0.93333333 0.96666667]],20,adam,0.3
jackknife_plus_ab,sinex_het,0.926666667,5.408598118,0.62825172,4856.748841,36.29858351,0.5,1000,normal,"(200, 1000)",[[0.93333333 0.96666667 0.95       0.83333333 0.95      ]],20,adam,0.3
jackknife_plus_ab,sinex_het,0.91,6.052674059,0.621056299,4592.649939,30.29841471,1,1000,normal,"(200, 1000)",[[0.98333333 0.9        0.85       0.83333333 0.98333333]],20,adam,0.3
jackknife_plus_ab,sinex_het,0.866666667,4.962273968,0.675076246,6159.983623,43.44848728,0,1000,normal,"(200, 1000)",[[0.78333333 0.91666667 0.88333333 0.93333333 0.81666667]],20,adam,0.5
jackknife_plus_ab,sinex_het,0.903333333,5.013471093,0.637617566,5838.281522,44.10812569,0.2,1000,normal,"(200, 1000)",[[0.98333333 0.93333333 0.98333333 0.85       0.76666667]],20,adam,0.5
jackknife_plus_ab,sinex_het,0.89,4.7917313,0.6494662,6050.799995,48.14085007,0.5,1000,normal,"(200, 1000)",[[0.91666667 0.83333333 0.88333333 0.95       0.86666667]],20,adam,0.5
jackknife_plus_ab,sinex_het,0.89,5.839131705,0.654052205,5182.904401,48.33713818,1,1000,normal,"(200, 1000)",[[0.73333333 0.9        0.95       0.91666667 0.95      ]],20,adam,0.5
jackknife_plus_ab,sinex_het,0.91,4.962992803,0.617015745,4675.602628,50.31081152,0,1000,normal,"(200, 1000)",[[0.93333333 0.88333333 0.91666667 0.88333333 0.93333333]],50,adam,0.1
jackknife_plus_ab,sinex_het,0.896666667,4.989348869,0.666306551,4740.814139,43.45693874,0.2,1000,normal,"(200, 1000)",[[0.86666667 0.95       0.93333333 0.9        0.83333333]],50,adam,0.1
jackknife_plus_ab,sinex_het,0.903333333,5.585645393,0.62642999,4430.886826,49.62631536,0.5,1000,normal,"(200, 1000)",[[0.78333333 0.96666667 0.85       0.95       0.96666667]],50,adam,0.1
jackknife_plus_ab,sinex_het,0.893333333,6.416383339,0.618674535,4134.748341,46.34735751,1,1000,normal,"(200, 1000)",[[0.9        0.85       0.96666667 0.9        0.85      ]],50,adam,0.1
jackknife_plus_ab,sinex_het,0.92,4.85468296,0.588518917,5221.190025,87.838305,0,1000,normal,"(200, 1000)",[[0.93333333 0.88333333 0.91666667 0.95       0.91666667]],50,adam,0.3
jackknife_plus_ab,sinex_het,0.926666667,5.124747363,0.663279649,5391.868316,87.65176582,0.2,1000,normal,"(200, 1000)",[[0.98333333 0.95       0.96666667 0.9        0.83333333]],50,adam,0.3
jackknife_plus_ab,sinex_het,0.886666667,5.125935553,0.627430801,5281.833215,88.1812427,0.5,1000,normal,"(200, 1000)",[[0.8        0.83333333 0.91666667 0.98333333 0.9       ]],50,adam,0.3
jackknife_plus_ab,sinex_het,0.896666667,5.959653145,0.633698333,5236.73517,88.94528866,1,1000,normal,"(200, 1000)",[[0.86666667 0.86666667 0.88333333 0.95       0.91666667]],50,adam,0.3
jackknife_plus_ab,sinex_het,0.903333333,4.697357962,0.67809961,6140.628673,114.1548917,0,1000,normal,"(200, 1000)",[[0.81666667 0.88333333 0.95       0.93333333 0.93333333]],50,adam,0.5
jackknife_plus_ab,sinex_het,0.9,4.671369081,0.701216061,6678.791971,113.3630843,0.2,1000,normal,"(200, 1000)",[[0.78333333 0.86666667 0.93333333 0.91666667 1.        ]],50,adam,0.5
jackknife_plus_ab,sinex_het,0.873333333,5.060384703,0.700719439,5861.541761,114.8159995,0.5,1000,normal,"(200, 1000)",[[0.91666667 0.88333333 0.66666667 0.95       0.95      ]],50,adam,0.5
jackknife_plus_ab,sinex_het,0.883333333,5.518880174,0.609091616,5210.26787,107.5289609,1,1000,normal,"(200, 1000)",[[0.91666667 0.95       0.86666667 0.8        0.88333333]],50,adam,0.5
jackknife_plus_ab,sinex_con,0.896666667,0.570653184,0.91397613,12782.25967,10.64520288,0,1000,normal,"(200, 1000)",[[0.66666667 0.95       1.         1.         0.86666667]],5,adam,0.1
jackknife_plus_ab,sinex_con,0.933333333,1.23527738,0.829530605,10645.19247,8.444687128,0.2,1000,normal,"(200, 1000)",[[0.95       0.96666667 0.96666667 0.91666667 0.86666667]],5,adam,0.1
jackknife_plus_ab,sinex_con,0.923333333,1.819403508,0.785634046,10086.02966,10.94602108,0.5,1000,normal,"(200, 1000)",[[0.96666667 0.91666667 0.93333333 0.93333333 0.86666667]],5,adam,0.1
jackknife_plus_ab,sinex_con,0.903333333,3.366851735,0.689880681,7641.818866,7.355845451,1,1000,normal,"(200, 1000)",[[0.86666667 0.93333333 0.88333333 0.9        0.93333333]],5,adam,0.1
jackknife_plus_ab,sinex_con,0.896666667,0.630382422,0.904972169,12620.04926,15.2982893,0,1000,normal,"(200, 1000)",[[0.86666667 0.96666667 0.83333333 0.9        0.91666667]],5,adam,0.3
jackknife_plus_ab,sinex_con,0.91,0.962118437,0.867234082,11837.20918,13.26393127,0.2,1000,normal,"(200, 1000)",[[0.9        0.93333333 0.95       0.96666667 0.8       ]],5,adam,0.3
jackknife_plus_ab,sinex_con,0.9,1.766017211,0.789332341,10101.20826,11.34144473,0.5,1000,normal,"(200, 1000)",[[0.9        0.85       0.95       0.88333333 0.91666667]],5,adam,0.3
jackknife_plus_ab,sinex_con,0.893333333,3.399015458,0.694227247,7371.299988,10.1980834,1,1000,normal,"(200, 1000)",[[0.9        0.93333333 0.85       0.9        0.88333333]],5,adam,0.3
jackknife_plus_ab,sinex_con,0.92,0.596322099,0.910106282,12708.57132,16.34985137,0,1000,normal,"(200, 1000)",[[1.         1.         1.         0.78333333 0.81666667]],5,adam,0.5
jackknife_plus_ab,sinex_con,0.93,0.928185689,0.871569035,11729.72703,14.49085069,0.2,1000,normal,"(200, 1000)",[[0.95       0.98333333 0.9        0.88333333 0.93333333]],5,adam,0.5
jackknife_plus_ab,sinex_con,0.913333333,1.806282979,0.807505363,10123.39942,13.23706627,0.5,1000,normal,"(200, 1000)",[[0.96666667 0.85       0.95       0.91666667 0.88333333]],5,adam,0.5
jackknife_plus_ab,sinex_con,0.95,3.441855122,0.636123924,7179.264341,12.14098358,1,1000,normal,"(200, 1000)",[[0.95       0.9        0.98333333 0.95       0.96666667]],5,adam,0.5
jackknife_plus_ab,sinex_con,0.903333333,0.741272504,0.888255899,12030.6169,15.61660433,0,1000,normal,"(200, 1000)",[[0.98333333 0.9        0.78333333 0.95       0.9       ]],10,adam,0.1
jackknife_plus_ab,sinex_con,0.906666667,1.428947454,0.803836412,9842.917678,14.11691427,0.2,1000,normal,"(200, 1000)",[[0.96666667 0.96666667 0.91666667 0.86666667 0.81666667]],10,adam,0.1
jackknife_plus_ab,sinex_con,0.886666667,1.673909852,0.802284853,9921.688743,15.60547352,0.5,1000,normal,"(200, 1000)",[[0.81666667 0.9        0.9        0.88333333 0.93333333]],10,adam,0.1
jackknife_plus_ab,sinex_con,0.9,4.170029403,0.602827094,5187.713257,9.723267794,1,1000,normal,"(200, 1000)",[[0.93333333 0.95       0.86666667 0.86666667 0.88333333]],10,adam,0.1
jackknife_plus_ab,sinex_con,0.896666667,0.634367715,0.9043714,12591.36022,23.697366,0,1000,normal,"(200, 1000)",[[0.73333333 0.83333333 0.95       0.98333333 0.98333333]],10,adam,0.3
jackknife_plus_ab,sinex_con,0.903333333,0.867140424,0.882215975,12075.83231,23.26512289,0.2,1000,normal,"(200, 1000)",[[0.88333333 0.93333333 0.93333333 0.96666667 0.8       ]],10,adam,0.3
jackknife_plus_ab,sinex_con,0.896666667,1.827627802,0.781789933,10042.11867,21.0870142,0.5,1000,normal,"(200, 1000)",[[0.85       0.9        0.88333333 0.91666667 0.93333333]],10,adam,0.3
jackknife_plus_ab,sinex_con,0.883333333,3.378620004,0.704245128,7370.813412,21.78665328,1,1000,normal,"(200, 1000)",[[0.9        0.83333333 0.9        0.91666667 0.86666667]],10,adam,0.3
jackknife_plus_ab,sinex_con,0.903333333,0.582608946,0.912173843,12740.24419,26.23274803,0,1000,normal,"(200, 1000)",[[1.         1.         1.         0.91666667 0.6       ]],10,adam,0.5
jackknife_plus_ab,sinex_con,0.92,0.896095872,0.879178329,12033.11061,28.27212191,0.2,1000,normal,"(200, 1000)",[[0.9        0.86666667 1.         0.93333333 0.9       ]],10,adam,0.5
jackknife_plus_ab,sinex_con,0.893333333,1.79292843,0.784760238,9979.419397,22.93193531,0.5,1000,normal,"(200, 1000)",[[0.88333333 0.91666667 0.91666667 0.85       0.9       ]],10,adam,0.5
jackknife_plus_ab,sinex_con,0.903333333,3.352588463,0.680014225,7283.843573,22.34937453,1,1000,normal,"(200, 1000)",[[0.9        0.88333333 0.93333333 0.88333333 0.91666667]],10,adam,0.5
jackknife_plus_ab,sinex_con,0.9,0.623000743,0.906084939,12637.00099,31.14574552,0,1000,normal,"(200, 1000)",[[0.61666667 0.93333333 0.95       1.         1.        ]],20,adam,0.1
jackknife_plus_ab,sinex_con,0.926666667,1.029299921,0.857676203,11303.91347,27.44148445,0.2,1000,normal,"(200, 1000)",[[0.9        0.93333333 0.91666667 0.95       0.93333333]],20,adam,0.1
jackknife_plus_ab,sinex_con,0.853333333,1.79007313,0.79395659,9983.647309,27.73795962,0.5,1000,normal,"(200, 1000)",[[0.85       0.86666667 0.91666667 0.75       0.88333333]],20,adam,0.1
jackknife_plus_ab,sinex_con,0.916666667,3.818463024,0.627970149,5904.823379,20.88379145,1,1000,normal,"(200, 1000)",[[0.9        0.93333333 0.9        0.9        0.95      ]],20,adam,0.1
jackknife_plus_ab,sinex_con,0.9,0.604579576,0.908861862,12693.58275,43.75071812,0,1000,normal,"(200, 1000)",[[0.8        0.9        0.96666667 0.85       0.98333333]],20,adam,0.3
jackknife_plus_ab,sinex_con,0.886666667,0.879989494,0.881519422,12012.53005,42.13532805,0.2,1000,normal,"(200, 1000)",[[0.88333333 0.86666667 0.93333333 0.85       0.9       ]],20,adam,0.3
jackknife_plus_ab,sinex_con,0.923333333,1.740368396,0.787711582,10001.01469,40.44575262,0.5,1000,normal,"(200, 1000)",[[0.9        0.88333333 0.91666667 0.95       0.96666667]],20,adam,0.3
jackknife_plus_ab,sinex_con,0.893333333,3.344887309,0.721903396,7543.110877,40.75732994,1,1000,normal,"(200, 1000)",[[0.91666667 0.88333333 0.9        0.93333333 0.83333333]],20,adam,0.3
jackknife_plus_ab,sinex_con,0.896666667,0.639369288,0.903617432,12576.28392,50.94815683,0,1000,normal,"(200, 1000)",[[0.8        0.88333333 0.8        1.         1.        ]],20,adam,0.5
jackknife_plus_ab,sinex_con,0.906666667,0.847611926,0.886422389,12053.13504,50.6824441,0.2,1000,normal,"(200, 1000)",[[0.9        0.88333333 0.93333333 0.96666667 0.85      ]],20,adam,0.5
jackknife_plus_ab,sinex_con,0.923333333,1.785052048,0.783721062,9854.880978,44.92728972,0.5,1000,normal,"(200, 1000)",[[0.91666667 0.91666667 0.91666667 0.96666667 0.9       ]],20,adam,0.5
jackknife_plus_ab,sinex_con,0.88,3.339984351,0.679887734,7673.868464,45.26130247,1,1000,normal,"(200, 1000)",[[0.9        0.93333333 0.91666667 0.8        0.85      ]],20,adam,0.5
jackknife_plus_ab,sinex_con,0.893333333,0.788518797,0.881133665,11842.71934,67.38532901,0,1000,normal,"(200, 1000)",[[0.88333333 0.91666667 0.95       0.95       0.76666667]],50,adam,0.1
jackknife_plus_ab,sinex_con,0.916666667,1.128814834,0.847478204,10901.53416,66.08094788,0.2,1000,normal,"(200, 1000)",[[0.91666667 0.9        0.93333333 0.91666667 0.91666667]],50,adam,0.1
jackknife_plus_ab,sinex_con,0.913333333,1.813412327,0.789456298,9688.196941,61.88265967,0.5,1000,normal,"(200, 1000)",[[0.91666667 0.9        0.86666667 0.96666667 0.91666667]],50,adam,0.1
jackknife_plus_ab,sinex_con,0.89,3.734423324,0.641747903,6069.912775,53.25596523,1,1000,normal,"(200, 1000)",[[0.86666667 0.86666667 0.9        0.81666667 1.        ]],50,adam,0.1
jackknife_plus_ab,sinex_con,0.896666667,0.571997638,0.913773459,12794.72837,104.8234556,0,1000,normal,"(200, 1000)",[[0.85       0.88333333 1.         0.78333333 0.96666667]],50,adam,0.3
jackknife_plus_ab,sinex_con,0.883333333,0.83678203,0.883489008,12094.3835,100.7991209,0.2,1000,normal,"(200, 1000)",[[0.91666667 0.86666667 0.91666667 0.96666667 0.75      ]],50,adam,0.3
jackknife_plus_ab,sinex_con,0.906666667,1.752027177,0.799323015,10151.3155,93.28635478,0.5,1000,normal,"(200, 1000)",[[0.9        0.91666667 0.96666667 0.88333333 0.86666667]],50,adam,0.3
jackknife_plus_ab,sinex_con,0.91,3.201341528,0.715578652,7666.904806,88.70632434,1,1000,normal,"(200, 1000)",[[0.95       0.9        0.91666667 0.88333333 0.9       ]],50,adam,0.3
jackknife_plus_ab,sinex_con,0.896666667,0.595873929,0.910174196,12707.45673,122.9483993,0,1000,normal,"(200, 1000)",[[1.         0.98333333 0.88333333 0.7        0.91666667]],50,adam,0.5
jackknife_plus_ab,sinex_con,0.896666667,0.845726611,0.88466334,12051.69503,133.1310709,0.2,1000,normal,"(200, 1000)",[[0.85       0.95       0.86666667 0.93333333 0.88333333]],50,adam,0.5
jackknife_plus_ab,sinex_con,0.87,1.673425204,0.799454276,10406.57267,112.6929314,0.5,1000,normal,"(200, 1000)",[[0.88333333 0.85       0.85       0.95       0.81666667]],50,adam,0.5
jackknife_plus_ab,sinex_con,0.9,3.40412896,0.679147269,7750.960567,113.6917412,1,1000,normal,"(200, 1000)",[[0.91666667 0.93333333 0.86666667 0.88333333 0.9       ]],50,adam,0.5
jackknife_plus_ab,linear,0.896666667,1.559634938,0.844036497,14125.035,73.98068881,0,1000,normal,"(400, 2000, 2000, 2000)",[[0.6        0.98333333 0.98333333 1.         0.91666667]],5,adam,0.1
jackknife_plus_ab,linear,0.88,1.796278122,0.828953532,13601.69442,80.95654464,0.2,1000,normal,"(400, 2000, 2000, 2000)",[[0.88333333 0.96666667 0.9        0.81666667 0.83333333]],5,adam,0.1
jackknife_plus_ab,linear,0.916666667,2.215697252,0.805959035,12868.82315,89.31956387,0.5,1000,normal,"(400, 2000, 2000, 2000)",[[0.86666667 0.96666667 0.93333333 0.93333333 0.88333333]],5,adam,0.1
jackknife_plus_ab,linear,0.91,3.747936907,0.704140285,9707.111733,70.2493248,1,1000,normal,"(400, 2000, 2000, 2000)",[[0.95       0.88333333 0.9        0.95       0.86666667]],5,adam,0.1
jackknife_plus_ab,linear,0.976666667,0.240849809,0.975909283,19160.80978,203.672641,0,1000,normal,"(400, 2000, 2000, 2000)",[[1.         1.         1.         0.96666667 0.91666667]],5,adam,0.3
jackknife_plus_ab,linear,0.89,0.655772246,0.936611105,18189.12269,226.6795659,0.2,1000,normal,"(400, 2000, 2000, 2000)",[[0.88333333 0.91666667 0.86666667 0.86666667 0.91666667]],5,adam,0.3
jackknife_plus_ab,linear,0.903333333,1.725844777,0.840641074,15492.61377,210.6050549,0.5,1000,normal,"(400, 2000, 2000, 2000)",[[0.93333333 0.93333333 0.88333333 0.85       0.91666667]],5,adam,0.3
jackknife_plus_ab,linear,0.916666667,3.365095446,0.757203224,12031.03983,166.8901501,1,1000,normal,"(400, 2000, 2000, 2000)",[[0.91666667 0.86666667 0.86666667 0.98333333 0.95      ]],5,adam,0.3
jackknife_plus_ab,linear,0.94,0.016398395,0.998358563,20013.00033,237.792048,0,1000,normal,"(400, 2000, 2000, 2000)",[[1.  1.  1.  1.  0.7]],5,adam,0.5
jackknife_plus_ab,linear,0.876666667,0.656274536,0.937763768,18139.41898,273.7473292,0.2,1000,normal,"(400, 2000, 2000, 2000)",[[0.86666667 0.9        0.9        0.85       0.86666667]],5,adam,0.5
jackknife_plus_ab,linear,0.92,1.749791254,0.844310408,15330.77901,288.7689481,0.5,1000,normal,"(400, 2000, 2000, 2000)",[[0.91666667 0.91666667 0.9        0.88333333 0.98333333]],5,adam,0.5
jackknife_plus_ab,linear,0.916666667,3.458362716,0.757948604,11825.62955,230.5464022,1,1000,normal,"(400, 2000, 2000, 2000)",[[0.95       0.9        0.93333333 0.88333333 0.91666667]],5,adam,0.5
jackknife_plus_ab,linear,0.9,1.402551905,0.85974481,15021.7311,78.23724484,0,1000,normal,"(400, 2000, 2000, 2000)",[[0.91666667 0.73333333 0.85       1.         1.        ]],5,sgd,0.1
jackknife_plus_ab,linear,0.886666667,1.815114921,0.829647128,13453.08055,72.19200063,0.2,1000,normal,"(400, 2000, 2000, 2000)",[[0.76666667 1.         1.         0.93333333 0.73333333]],5,sgd,0.1
jackknife_plus_ab,linear,0.9,1.894886612,0.832676423,14198.90327,91.86132407,0.5,1000,normal,"(400, 2000, 2000, 2000)",[[0.86666667 0.9        0.96666667 0.95       0.81666667]],5,sgd,0.1
jackknife_plus_ab,linear,0.91,3.33700136,0.739702895,11054.42673,78.04167366,1,1000,normal,"(400, 2000, 2000, 2000)",[[0.88333333 0.88333333 0.95       0.91666667 0.91666667]],5,sgd,0.1
jackknife_plus_ab,linear,0.95,0.219791875,0.978018367,19234.28735,194.5119197,0,1000,normal,"(400, 2000, 2000, 2000)",[[1.   1.   1.   1.   0.75]],5,sgd,0.3
jackknife_plus_ab,linear,0.93,0.720820048,0.928194351,17948.70795,191.6782584,0.2,1000,normal,"(400, 2000, 2000, 2000)",[[0.95       0.9        0.95       0.93333333 0.91666667]],5,sgd,0.3
jackknife_plus_ab,linear,0.923333333,1.692163277,0.846661502,15717.54908,216.1818819,0.5,1000,normal,"(400, 2000, 2000, 2000)",[[0.86666667 0.95       0.93333333 0.96666667 0.9       ]],5,sgd,0.3
jackknife_plus_ab,linear,0.886666667,3.352614879,0.757063186,12195.97004,231.3572581,1,1000,normal,"(400, 2000, 2000, 2000)",[[0.76666667 0.9        0.9        0.91666667 0.95      ]],5,sgd,0.3
jackknife_plus_ab,linear,0.96,0.01042189,0.998954215,20035.21504,247.546639,0,1000,normal,"(400, 2000, 2000, 2000)",[[1.   1.   1.   0.95 0.85]],5,sgd,0.5
jackknife_plus_ab,linear,0.873333333,0.628940643,0.939368894,18289.41159,241.7199438,0.2,1000,normal,"(400, 2000, 2000, 2000)",[[0.91666667 0.93333333 0.9        0.85       0.76666667]],5,sgd,0.5
jackknife_plus_ab,linear,0.936666667,1.710902181,0.847279497,15374.56565,226.2014995,0.5,1000,normal,"(400, 2000, 2000, 2000)",[[0.96666667 0.93333333 0.93333333 0.95       0.9       ]],5,sgd,0.5
jackknife_plus_ab,linear,0.89,3.377341882,0.742585772,11897.33271,300.3895915,1,1000,normal,"(400, 2000, 2000, 2000)",[[0.91666667 0.91666667 0.85       0.9        0.86666667]],5,sgd,0.5
jackknife_plus_ab,linear,0.896666667,1.564973669,0.843502624,14107.94093,72.71328354,0,1000,normal,"(400, 2000, 2000, 2000)",[[0.96666667 1.         0.88333333 0.73333333 0.9       ]],5,lbfgs,0.1
jackknife_plus_ab,linear,0.916666667,1.914055333,0.814760698,13208.07666,74.3314352,0.2,1000,normal,"(400, 2000, 2000, 2000)",[[0.93333333 0.81666667 0.98333333 1.         0.85      ]],5,lbfgs,0.1
jackknife_plus_ab,linear,0.896666667,1.915008736,0.834275132,14438.40728,105.0978751,0.5,1000,normal,"(400, 2000, 2000, 2000)",[[0.8        0.86666667 0.93333333 0.96666667 0.91666667]],5,lbfgs,0.1
jackknife_plus_ab,linear,0.893333333,3.506468418,0.748313929,10538.9131,87.41607141,1,1000,normal,"(400, 2000, 2000, 2000)",[[0.96666667 0.8        0.9        0.95       0.85      ]],5,lbfgs,0.1
jackknife_plus_ab,linear,0.98,0.475194629,0.952474441,18252.55046,175.8129928,0,1000,normal,"(400, 2000, 2000, 2000)",[[1.  1.  1.  1.  0.9]],5,lbfgs,0.3
jackknife_plus_ab,linear,0.906666667,0.699482892,0.932965509,18045.66967,209.3560848,0.2,1000,normal,"(400, 2000, 2000, 2000)",[[0.95       0.9        0.93333333 0.88333333 0.86666667]],5,lbfgs,0.3
jackknife_plus_ab,linear,0.906666667,1.610723231,0.862058855,15740.11594,213.1102209,0.5,1000,normal,"(400, 2000, 2000, 2000)",[[0.91666667 0.91666667 0.9        0.86666667 0.93333333]],5,lbfgs,0.3
jackknife_plus_ab,linear,0.926666667,3.301389052,0.750461234,11733.86743,176.9003541,1,1000,normal,"(400, 2000, 2000, 2000)",[[0.9        0.95       0.9        1.         0.88333333]],5,lbfgs,0.3
jackknife_plus_ab,linear,0.946666667,0.021883171,0.99780951,19992.25421,244.0772705,0,1000,normal,"(400, 2000, 2000, 2000)",[[1.         1.         1.         1.         0.73333333]],5,lbfgs,0.5
jackknife_plus_ab,linear,0.89,0.671400853,0.934206104,18120.23251,267.4033184,0.2,1000,normal,"(400, 2000, 2000, 2000)",[[0.88333333 0.88333333 0.93333333 0.86666667 0.88333333]],5,lbfgs,0.5
jackknife_plus_ab,linear,0.923333333,1.665443494,0.851311244,15491.38662,306.2295265,0.5,1000,normal,"(400, 2000, 2000, 2000)",[[0.93333333 0.93333333 0.91666667 0.93333333 0.9       ]],5,lbfgs,0.5
jackknife_plus_ab,linear,0.9,3.343225448,0.758894512,12103.07414,275.7598937,1,1000,normal,"(400, 2000, 2000, 2000)",[[0.88333333 0.88333333 0.83333333 0.91666667 0.98333333]],5,lbfgs,0.5
jackknife_plus_ab,linear,0.896666667,1.408732239,0.859126767,14645.76895,102.100585,0,1000,normal,"(400, 2000, 2000, 2000)",[[1.         0.98333333 1.         0.98333333 0.51666667]],10,adam,0.1
jackknife_plus_ab,linear,0.913333333,1.859656885,0.826932314,13431.68586,101.9382236,0.2,1000,normal,"(400, 2000, 2000, 2000)",[[0.85       0.86666667 0.98333333 0.95       0.91666667]],10,adam,0.1
jackknife_plus_ab,linear,0.906666667,2.186381364,0.815555046,12804.84858,111.1509302,0.5,1000,normal,"(400, 2000, 2000, 2000)",[[0.9        0.96666667 0.91666667 0.88333333 0.86666667]],10,adam,0.1
jackknife_plus_ab,linear,0.906666667,3.459700518,0.73271745,10629.67981,150.1491556,1,1000,normal,"(400, 2000, 2000, 2000)",[[0.91666667 0.88333333 0.95       0.93333333 0.85      ]],10,adam,0.1
jackknife_plus_ab,linear,0.963333333,0.090963387,0.990899687,19761.83089,354.8122113,0,1000,normal,"(400, 2000, 2000, 2000)",[[1.         1.         1.         1.         0.81666667]],10,adam,0.3
jackknife_plus_ab,linear,0.92,0.675918727,0.935993591,18037.20115,349.6877506,0.2,1000,normal,"(400, 2000, 2000, 2000)",[[0.93333333 0.88333333 0.93333333 0.93333333 0.91666667]],10,adam,0.3
jackknife_plus_ab,linear,0.91,1.673963741,0.847428028,15524.55599,332.6799395,0.5,1000,normal,"(400, 2000, 2000, 2000)",[[0.93333333 0.93333333 0.93333333 0.9        0.85      ]],10,adam,0.3
jackknife_plus_ab,linear,0.883333333,3.211810254,0.754197003,11989.86383,319.4116693,1,1000,normal,"(400, 2000, 2000, 2000)",[[0.86666667 0.9        0.86666667 0.83333333 0.95      ]],10,adam,0.3
jackknife_plus_ab,linear,0.936666667,0.011043122,0.998894345,20031.84764,441.2875516,0,1000,normal,"(400, 2000, 2000, 2000)",[[1.         1.         1.         1.         0.68333333]],10,adam,0.5
jackknife_plus_ab,linear,0.88,0.649903099,0.936924595,18280.15842,438.0564873,0.2,1000,normal,"(400, 2000, 2000, 2000)",[[0.91666667 0.83333333 0.85       0.9        0.9       ]],10,adam,0.5
jackknife_plus_ab,linear,0.886666667,1.653125436,0.85703293,15661.60027,485.7243903,0.5,1000,normal,"(400, 2000, 2000, 2000)",[[0.88333333 0.9        0.88333333 0.88333333 0.88333333]],10,adam,0.5
jackknife_plus_ab,linear,0.93,3.320278481,0.768437397,12073.28725,390.6762369,1,1000,normal,"(400, 2000, 2000, 2000)",[[0.93333333 0.91666667 0.95       0.91666667 0.93333333]],10,adam,0.5
jackknife_plus_ab,linear,0.9,1.455796078,0.854420392,14503.08812,99.67077947,0,1000,normal,"(400, 2000, 2000, 2000)",[[1.  1.  1.  1.  0.5]],10,sgd,0.1
jackknife_plus_ab,linear,0.903333333,1.835577499,0.820696857,13455.67215,98.28891873,0.2,1000,normal,"(400, 2000, 2000, 2000)",[[0.95       0.98333333 0.8        0.86666667 0.91666667]],10,sgd,0.1
jackknife_plus_ab,linear,0.926666667,2.277447224,0.79866226,12548.77369,102.9610839,0.5,1000,normal,"(400, 2000, 2000, 2000)",[[0.98333333 0.93333333 0.95       0.86666667 0.9       ]],10,sgd,0.1
jackknife_plus_ab,linear,0.876666667,3.428634311,0.740711337,10826.4642,94.66394424,1,1000,normal,"(400, 2000, 2000, 2000)",[[0.88333333 0.83333333 0.81666667 0.88333333 0.96666667]],10,sgd,0.1
jackknife_plus_ab,linear,0.966666667,0.260961859,0.973899486,19091.64438,305.0954466,0,1000,normal,"(400, 2000, 2000, 2000)",[[1.         1.         1.         1.         0.83333333]],10,sgd,0.3
jackknife_plus_ab,linear,0.88,0.623914223,0.939360724,18219.73669,385.0699072,0.2,1000,normal,"(400, 2000, 2000, 2000)",[[0.93333333 0.86666667 0.88333333 0.83333333 0.88333333]],10,sgd,0.3
jackknife_plus_ab,linear,0.906666667,1.669205845,0.85119077,15394.84801,350.9952278,0.5,1000,normal,"(400, 2000, 2000, 2000)",[[0.96666667 0.88333333 0.85       0.9        0.93333333]],10,sgd,0.3
jackknife_plus_ab,linear,0.906666667,3.327423255,0.735197665,11691.78487,300.27719,1,1000,normal,"(400, 2000, 2000, 2000)",[[0.85       0.95       0.93333333 0.91666667 0.88333333]],10,sgd,0.3
jackknife_plus_ab,linear,0.936666667,0.013949062,0.998603751,20025.07687,408.08515,0,1000,normal,"(400, 2000, 2000, 2000)",[[0.98333333 1.         0.95       0.81666667 0.93333333]],10,sgd,0.5
jackknife_plus_ab,linear,0.913333333,0.669733164,0.937447092,18146.80647,471.5356991,0.2,1000,normal,"(400, 2000, 2000, 2000)",[[0.86666667 0.95       0.91666667 0.93333333 0.9       ]],10,sgd,0.5
jackknife_plus_ab,linear,0.896666667,1.617668346,0.861736052,15775.71962,422.8847039,0.5,1000,normal,"(400, 2000, 2000, 2000)",[[0.95       0.86666667 0.9        0.86666667 0.9       ]],10,sgd,0.5
jackknife_plus_ab,linear,0.906666667,3.193117306,0.749732231,12400.37508,441.1534193,1,1000,normal,"(400, 2000, 2000, 2000)",[[0.91666667 0.98333333 0.88333333 0.9        0.85      ]],10,sgd,0.5
jackknife_plus_ab,linear,0.896666667,1.569886447,0.843011346,14091.58336,93.80960155,0,1000,normal,"(400, 2000, 2000, 2000)",[[0.58333333 0.93333333 1.         1.         0.96666667]],10,lbfgs,0.1
jackknife_plus_ab,linear,0.9,1.799375777,0.825025993,13496.66994,103.9850569,0.2,1000,normal,"(400, 2000, 2000, 2000)",[[0.93333333 0.9        0.93333333 0.91666667 0.81666667]],10,lbfgs,0.1
jackknife_plus_ab,linear,0.916666667,2.384756932,0.803269116,12377.41271,106.804882,0.5,1000,normal,"(400, 2000, 2000, 2000)",[[0.81666667 0.93333333 0.96666667 0.95       0.91666667]],10,lbfgs,0.1
jackknife_plus_ab,linear,0.863333333,3.598680894,0.744296095,11090.07797,111.9047961,1,1000,normal,"(400, 2000, 2000, 2000)",[[0.81666667 0.88333333 0.88333333 0.93333333 0.8       ]],10,lbfgs,0.1
jackknife_plus_ab,linear,0.95,0.120167268,0.987980803,19622.68682,340.9377706,0,1000,normal,"(400, 2000, 2000, 2000)",[[1.         1.         0.96666667 1.         0.78333333]],10,lbfgs,0.3
jackknife_plus_ab,linear,0.896666667,0.681599712,0.933598232,17932.68748,356.1984601,0.2,1000,normal,"(400, 2000, 2000, 2000)",[[0.93333333 0.93333333 0.81666667 0.88333333 0.91666667]],10,lbfgs,0.3
jackknife_plus_ab,linear,0.9,1.678713041,0.848077459,15387.77559,344.7801762,0.5,1000,normal,"(400, 2000, 2000, 2000)",[[0.93333333 0.9        0.91666667 0.83333333 0.91666667]],10,lbfgs,0.3
jackknife_plus_ab,linear,0.906666667,3.289450844,0.764787509,12122.15404,319.0246296,1,1000,normal,"(400, 2000, 2000, 2000)",[[0.86666667 0.86666667 0.88333333 0.98333333 0.93333333]],10,lbfgs,0.3
jackknife_plus_ab,linear,0.933333333,0.012684368,0.998730453,20027.72736,421.336118,0,1000,normal,"(400, 2000, 2000, 2000)",[[1.         1.         1.         1.         0.66666667]],10,lbfgs,0.5
jackknife_plus_ab,linear,0.89,0.642264155,0.938658297,18297.1987,444.9365389,0.2,1000,normal,"(400, 2000, 2000, 2000)",[[0.9        0.85       0.93333333 0.81666667 0.95      ]],10,lbfgs,0.5
jackknife_plus_ab,linear,0.91,1.636793933,0.845217799,15457.70472,397.70332,0.5,1000,normal,"(400, 2000, 2000, 2000)",[[0.9        0.91666667 0.91666667 0.88333333 0.93333333]],10,lbfgs,0.5
jackknife_plus_ab,linear,0.92,3.560265389,0.734205629,11354.82361,420.9183111,1,1000,normal,"(400, 2000, 2000, 2000)",[[0.88333333 0.9        0.93333333 0.9        0.98333333]],10,lbfgs,0.5
jackknife_plus_ab,linear,0.9,1.52543,0.847457,14289.63949,139.8873398,0,1000,normal,"(400, 2000, 2000, 2000)",[[0.96666667 0.86666667 0.66666667 1.         1.        ]],20,adam,0.1
jackknife_plus_ab,linear,0.89,1.751081961,0.833122394,13782.61957,138.7465906,0.2,1000,normal,"(400, 2000, 2000, 2000)",[[0.6        0.93333333 1.         0.98333333 0.93333333]],20,adam,0.1
jackknife_plus_ab,linear,0.91,2.321908038,0.799947552,12456.48212,155.2819583,0.5,1000,normal,"(400, 2000, 2000, 2000)",[[0.96666667 0.96666667 0.98333333 0.86666667 0.76666667]],20,adam,0.1
jackknife_plus_ab,linear,0.866666667,3.49500651,0.746916815,10560.78692,159.8094499,1,1000,normal,"(400, 2000, 2000, 2000)",[[0.85       0.86666667 0.93333333 0.91666667 0.76666667]],20,adam,0.1
jackknife_plus_ab,linear,0.92,0.024192094,0.997580392,19991.75787,660.7822602,0,1000,normal,"(400, 2000, 2000, 2000)",[[1.  1.  1.  1.  0.6]],20,adam,0.3
jackknife_plus_ab,linear,0.916666667,0.661420804,0.935634834,18197.1596,670.7623937,0.2,1000,normal,"(400, 2000, 2000, 2000)",[[0.91666667 0.93333333 0.93333333 0.88333333 0.91666667]],20,adam,0.3
jackknife_plus_ab,linear,0.906666667,1.64517008,0.859137215,15519.37961,635.5133719,0.5,1000,normal,"(400, 2000, 2000, 2000)",[[0.93333333 0.9        0.91666667 0.88333333 0.9       ]],20,adam,0.3
jackknife_plus_ab,linear,0.923333333,3.30282579,0.73823825,11863.83124,590.5590866,1,1000,normal,"(400, 2000, 2000, 2000)",[[0.86666667 0.95       0.93333333 0.95       0.91666667]],20,adam,0.3
jackknife_plus_ab,linear,0.913333333,0.010139524,0.99898587,20036.37093,808.8820846,0,1000,normal,"(400, 2000, 2000, 2000)",[[0.9        1.         1.         1.         0.66666667]],20,adam,0.5
jackknife_plus_ab,linear,0.956666667,0.693693185,0.932389002,18048.31239,843.4096043,0.2,1000,normal,"(400, 2000, 2000, 2000)",[[0.96666667 0.96666667 0.93333333 0.93333333 0.98333333]],20,adam,0.5
jackknife_plus_ab,linear,0.886666667,1.632931977,0.852797384,15781.19288,860.9118819,0.5,1000,normal,"(400, 2000, 2000, 2000)",[[0.85       0.9        0.86666667 0.93333333 0.88333333]],20,adam,0.5
jackknife_plus_ab,linear,0.903333333,3.151309986,0.75211679,12517.49151,819.543997,1,1000,normal,"(400, 2000, 2000, 2000)",[[0.96666667 0.96666667 0.85       0.86666667 0.86666667]],20,adam,0.5
jackknife_plus_ab,linear,0.896666667,1.547742851,0.845225705,14158.30252,139.2330043,0,1000,normal,"(400, 2000, 2000, 2000)",[[0.9        0.66666667 0.96666667 0.95       1.        ]],20,sgd,0.1
jackknife_plus_ab,linear,0.913333333,1.851615919,0.820366494,13371.60524,144.3918648,0.2,1000,normal,"(400, 2000, 2000, 2000)",[[0.9        1.         1.         0.83333333 0.83333333]],20,sgd,0.1
jackknife_plus_ab,linear,0.92,2.305315444,0.797135737,12640.45079,146.1721957,0.5,1000,normal,"(400, 2000, 2000, 2000)",[[0.95 0.95 0.95 0.9  0.85]],20,sgd,0.1
jackknife_plus_ab,linear,0.876666667,3.546111867,0.724789166,10882.68799,169.2509515,1,1000,normal,"(400, 2000, 2000, 2000)",[[0.95       0.91666667 0.93333333 0.81666667 0.76666667]],20,sgd,0.1
jackknife_plus_ab,linear,0.986666667,0.135252836,0.986467307,19624.14437,622.9256599,0,1000,normal,"(400, 2000, 2000, 2000)",[[1.         1.         1.         1.         0.93333333]],20,sgd,0.3
jackknife_plus_ab,linear,0.88,0.646838185,0.939012473,18170.62264,710.074033,0.2,1000,normal,"(400, 2000, 2000, 2000)",[[0.81666667 0.9        0.91666667 0.98333333 0.78333333]],20,sgd,0.3
jackknife_plus_ab,linear,0.893333333,1.690589975,0.851375504,15333.41145,600.9916174,0.5,1000,normal,"(400, 2000, 2000, 2000)",[[0.85       0.86666667 0.93333333 0.9        0.91666667]],20,sgd,0.3
jackknife_plus_ab,linear,0.896666667,3.318344903,0.748394339,11757.04353,566.0767577,1,1000,normal,"(400, 2000, 2000, 2000)",[[0.9        0.91666667 0.93333333 0.86666667 0.86666667]],20,sgd,0.3
jackknife_plus_ab,linear,0.913333333,0.014191341,0.998580688,20020.65886,781.2725644,0,1000,normal,"(400, 2000, 2000, 2000)",[[1.         1.         0.93333333 0.78333333 0.85      ]],20,sgd,0.5
jackknife_plus_ab,linear,0.903333333,0.67535139,0.934325367,18115.96684,818.8662791,0.2,1000,normal,"(400, 2000, 2000, 2000)",[[0.95       0.86666667 0.83333333 0.95       0.91666667]],20,sgd,0.5
jackknife_plus_ab,linear,0.88,1.642704845,0.866704577,15633.76292,903.0912876,0.5,1000,normal,"(400, 2000, 2000, 2000)",[[0.86666667 0.88333333 0.95       0.86666667 0.83333333]],20,sgd,0.5
jackknife_plus_ab,linear,0.903333333,3.305251621,0.739651355,12034.46589,817.4725587,1,1000,normal,"(400, 2000, 2000, 2000)",[[0.91666667 0.81666667 0.95       0.93333333 0.9       ]],20,sgd,0.5
jackknife_plus_ab,linear,0.896666667,1.541524058,0.845847585,14177.2789,141.4563401,0,1000,normal,"(400, 2000, 2000, 2000)",[[0.98333333 1.         1.         0.95       0.55      ]],20,lbfgs,0.1
jackknife_plus_ab,linear,0.92,1.879758376,0.818262332,13268.39139,135.457689,0.2,1000,normal,"(400, 2000, 2000, 2000)",[[0.98333333 0.81666667 0.9        1.         0.9       ]],20,lbfgs,0.1
jackknife_plus_ab,linear,0.92,2.173878684,0.822638605,13176.33312,179.6215246,0.5,1000,normal,"(400, 2000, 2000, 2000)",[[0.9        0.93333333 0.9        0.93333333 0.93333333]],20,lbfgs,0.1
jackknife_plus_ab,linear,0.916666667,3.555379627,0.709255886,10755.03451,160.5318608,1,1000,normal,"(400, 2000, 2000, 2000)",[[0.95       0.91666667 0.93333333 0.93333333 0.85      ]],20,lbfgs,0.1
jackknife_plus_ab,linear,0.98,0.0774733,0.99224632,19779.46737,653.5915856,0,1000,normal,"(400, 2000, 2000, 2000)",[[1.         0.96666667 0.95       1.         0.98333333]],20,lbfgs,0.3
jackknife_plus_ab,linear,0.903333333,0.678130128,0.934088554,17960.43584,643.4680901,0.2,1000,normal,"(400, 2000, 2000, 2000)",[[0.9        0.8        0.95       0.95       0.91666667]],20,lbfgs,0.3
jackknife_plus_ab,linear,0.9,1.686625696,0.855470545,15710.22975,660.3088996,0.5,1000,normal,"(400, 2000, 2000, 2000)",[[0.91666667 0.91666667 0.88333333 0.9        0.88333333]],20,lbfgs,0.3
jackknife_plus_ab,linear,0.88,3.33021546,0.74652381,11720.3717,622.2614052,1,1000,normal,"(400, 2000, 2000, 2000)",[[0.88333333 0.86666667 0.93333333 0.86666667 0.85      ]],20,lbfgs,0.3
jackknife_plus_ab,linear,0.94,0.012910811,0.998707321,20027.68721,785.0764811,0,1000,normal,"(400, 2000, 2000, 2000)",[[1.  1.  1.  1.  0.7]],20,lbfgs,0.5
jackknife_plus_ab,linear,0.93,0.685705383,0.934232834,18151.40192,817.1047089,0.2,1000,normal,"(400, 2000, 2000, 2000)",[[0.98333333 0.91666667 0.91666667 0.95       0.88333333]],20,lbfgs,0.5
jackknife_plus_ab,linear,0.896666667,1.642969838,0.866136345,15617.59299,813.9957447,0.5,1000,normal,"(400, 2000, 2000, 2000)",[[0.93333333 0.85       0.93333333 0.83333333 0.93333333]],20,lbfgs,0.5
jackknife_plus_ab,linear,0.916666667,3.443757734,0.751244656,11857.16691,920.799453,1,1000,normal,"(400, 2000, 2000, 2000)",[[0.9        0.91666667 0.91666667 0.96666667 0.88333333]],20,lbfgs,0.5
jackknife_plus_ab,linear,0.896666667,1.546297793,0.845370211,14162.91202,289.8069885,0,1000,normal,"(400, 2000, 2000, 2000)",[[1.         1.         0.98333333 1.         0.5       ]],50,adam,0.1
jackknife_plus_ab,linear,0.896666667,1.745661961,0.831564095,13795.59219,329.3046696,0.2,1000,normal,"(400, 2000, 2000, 2000)",[[0.95       0.93333333 0.71666667 0.88333333 1.        ]],50,adam,0.1
jackknife_plus_ab,linear,0.886666667,2.408997928,0.78355954,12340.31988,285.650748,0.5,1000,normal,"(400, 2000, 2000, 2000)",[[0.83333333 0.88333333 0.96666667 0.91666667 0.83333333]],50,adam,0.1
jackknife_plus_ab,linear,0.883333333,3.555889121,0.737133978,10538.23692,427.4301808,1,1000,normal,"(400, 2000, 2000, 2000)",[[0.91666667 0.88333333 0.8        0.91666667 0.9       ]],50,adam,0.1
jackknife_plus_ab,linear,0.943333333,0.049350448,0.995063087,19897.52349,1625.548577,0,1000,normal,"(400, 2000, 2000, 2000)",[[1.         1.         1.         0.8        0.91666667]],50,adam,0.3
jackknife_plus_ab,linear,0.906666667,0.691365729,0.934237114,18050.13126,1603.076574,0.2,1000,normal,"(400, 2000, 2000, 2000)",[[0.9        0.91666667 0.81666667 0.93333333 0.96666667]],50,adam,0.3
jackknife_plus_ab,linear,0.85,1.582917856,0.857266694,15551.31345,1563.161462,0.5,1000,normal,"(400, 2000, 2000, 2000)",[[0.93333333 0.86666667 0.85       0.83333333 0.76666667]],50,adam,0.3
jackknife_plus_ab,linear,0.92,3.390426193,0.746004448,11767.90064,1530.363835,1,1000,normal,"(400, 2000, 2000, 2000)",[[0.9        0.9        0.95       0.91666667 0.93333333]],50,adam,0.3
jackknife_plus_ab,linear,0.91,0.009834253,0.999016475,20034.61198,1986.02756,0,1000,normal,"(400, 2000, 2000, 2000)",[[1.   1.   1.   1.   0.55]],50,adam,0.5
jackknife_plus_ab,linear,0.913333333,0.677961433,0.93636396,18136.42891,2051.130435,0.2,1000,normal,"(400, 2000, 2000, 2000)",[[0.91666667 0.88333333 0.96666667 0.91666667 0.88333333]],50,adam,0.5
jackknife_plus_ab,linear,0.886666667,1.684050614,0.851030871,15302.14895,2223.618359,0.5,1000,normal,"(400, 2000, 2000, 2000)",[[0.86666667 0.85       0.9        0.93333333 0.88333333]],50,adam,0.5
jackknife_plus_ab,linear,0.936666667,3.551519245,0.724573684,11330.33301,2079.105654,1,1000,normal,"(400, 2000, 2000, 2000)",[[0.93333333 0.93333333 0.98333333 0.88333333 0.95      ]],50,adam,0.5
jackknife_plus_ab,linear,0.896666667,1.519977559,0.848002235,14252.28958,308.1187866,0,1000,normal,"(400, 2000, 2000, 2000)",[[1.         1.         0.95       0.86666667 0.66666667]],50,sgd,0.1
jackknife_plus_ab,linear,0.903333333,1.712236686,0.838846508,13862.37481,309.5664606,0.2,1000,normal,"(400, 2000, 2000, 2000)",[[1.         0.93333333 0.96666667 1.         0.61666667]],50,sgd,0.1
jackknife_plus_ab,linear,0.873333333,2.230460382,0.81952334,12792.76082,309.2761629,0.5,1000,normal,"(400, 2000, 2000, 2000)",[[0.81666667 0.95       0.88333333 0.8        0.91666667]],50,sgd,0.1
jackknife_plus_ab,linear,0.896666667,3.638355835,0.711648074,10071.44065,359.0178058,1,1000,normal,"(400, 2000, 2000, 2000)",[[0.85       0.9        0.91666667 0.95       0.86666667]],50,sgd,0.1
jackknife_plus_ab,linear,0.993333333,0.065333368,0.993458009,19844.20923,1625.029027,0,1000,normal,"(400, 2000, 2000, 2000)",[[1.         1.         1.         1.         0.96666667]],50,sgd,0.3
jackknife_plus_ab,linear,0.936666667,0.659365726,0.938040942,18083.97962,1618.521682,0.2,1000,normal,"(400, 2000, 2000, 2000)",[[0.86666667 0.96666667 0.93333333 0.95       0.96666667]],50,sgd,0.3
jackknife_plus_ab,linear,0.89,1.636900719,0.864075245,15368.48652,1558.533178,0.5,1000,normal,"(400, 2000, 2000, 2000)",[[0.88333333 0.91666667 0.78333333 0.98333333 0.88333333]],50,sgd,0.3
jackknife_plus_ab,linear,0.876666667,3.233395916,0.769831517,12165.01852,1401.522701,1,1000,normal,"(400, 2000, 2000, 2000)",[[0.93333333 0.83333333 0.83333333 0.88333333 0.9       ]],50,sgd,0.3
jackknife_plus_ab,linear,0.923333333,0.01129391,0.998870065,20031.75026,1994.479939,0,1000,normal,"(400, 2000, 2000, 2000)",[[0.96666667 1.         1.         0.96666667 0.68333333]],50,sgd,0.5
jackknife_plus_ab,linear,0.916666667,0.669363995,0.934288358,18057.28382,2037.371802,0.2,1000,normal,"(400, 2000, 2000, 2000)",[[0.9        0.93333333 0.91666667 0.86666667 0.96666667]],50,sgd,0.5
jackknife_plus_ab,linear,0.913333333,1.632346374,0.852744261,15653.6825,2132.090021,0.5,1000,normal,"(400, 2000, 2000, 2000)",[[0.9        0.93333333 0.95       0.93333333 0.85      ]],50,sgd,0.5
jackknife_plus_ab,linear,0.916666667,3.510800725,0.75118104,11935.90426,2101.944047,1,1000,normal,"(400, 2000, 2000, 2000)",[[0.91666667 0.85       0.91666667 0.96666667 0.93333333]],50,sgd,0.5
jackknife_plus_ab,linear,0.896666667,1.470506795,0.852949311,14434.11581,323.0265057,0,1000,normal,"(400, 2000, 2000, 2000)",[[1.         1.         1.         0.93333333 0.55      ]],50,lbfgs,0.1
jackknife_plus_ab,linear,0.923333333,1.828377278,0.824758226,13486.08857,293.0615602,0.2,1000,normal,"(400, 2000, 2000, 2000)",[[0.93333333 1.         1.         0.88333333 0.8       ]],50,lbfgs,0.1
jackknife_plus_ab,linear,0.9,2.168612067,0.812940863,13060.54914,356.6845646,0.5,1000,normal,"(400, 2000, 2000, 2000)",[[0.83333333 0.88333333 0.96666667 0.98333333 0.83333333]],50,lbfgs,0.1
jackknife_plus_ab,linear,0.883333333,3.616503172,0.724819886,10474.17739,387.585835,1,1000,normal,"(400, 2000, 2000, 2000)",[[0.88333333 0.93333333 0.86666667 0.86666667 0.86666667]],50,lbfgs,0.1
jackknife_plus_ab,linear,0.906666667,0.075597101,0.992440246,19766.89184,1644.65396,0,1000,normal,"(400, 2000, 2000, 2000)",[[1.         1.         1.         0.76666667 0.76666667]],50,lbfgs,0.3
jackknife_plus_ab,linear,0.893333333,0.655219261,0.937608327,18137.22663,1532.92011,0.2,1000,normal,"(400, 2000, 2000, 2000)",[[0.83333333 0.95       0.91666667 0.9        0.86666667]],50,lbfgs,0.3
jackknife_plus_ab,linear,0.896666667,1.62476358,0.857710547,15554.61118,1388.333895,0.5,1000,normal,"(400, 2000, 2000, 2000)",[[0.86666667 0.88333333 0.93333333 0.93333333 0.86666667]],50,lbfgs,0.3
jackknife_plus_ab,linear,0.92,3.490062803,0.724496476,11426.98304,1338.37333,1,1000,normal,"(400, 2000, 2000, 2000)",[[0.9        0.91666667 0.93333333 0.91666667 0.93333333]],50,lbfgs,0.3
jackknife_plus_ab,linear,0.903333333,0.011779124,0.998822077,20028.78317,1901.349597,0,1000,normal,"(400, 2000, 2000, 2000)",[[0.95       0.91666667 1.         1.         0.65      ]],50,lbfgs,0.5
jackknife_plus_ab,linear,0.886666667,0.682307586,0.932926028,18132.49725,1975.857848,0.2,1000,normal,"(400, 2000, 2000, 2000)",[[0.83333333 0.9        0.91666667 0.86666667 0.91666667]],50,lbfgs,0.5
jackknife_plus_ab,linear,0.886666667,1.628344045,0.852201961,15425.99182,2085.517644,0.5,1000,normal,"(400, 2000, 2000, 2000)",[[0.88333333 0.86666667 0.88333333 0.88333333 0.91666667]],50,lbfgs,0.5
jackknife_plus_ab,linear,0.873333333,3.157480031,0.747643598,12169.67684,1885.295382,1,1000,normal,"(400, 2000, 2000, 2000)",[[0.86666667 0.83333333 0.9        0.86666667 0.9       ]],50,lbfgs,0.5
jackknife_plus_ab,linear,0.923333333,0.004402985,0.999559157,20052.89605,2579.950388,0,1000,normal,"(400, 2000, 2000, 2000)",[[1.         1.         1.         1.         0.61666667]],50,sgd,1
jackknife_plus_ab,linear,0.9,0.653226925,0.937798084,18230.179,2625.969986,0.2,1000,normal,"(400, 2000, 2000, 2000)",[[0.91666667 0.88333333 0.91666667 0.88333333 0.9       ]],50,sgd,1
jackknife_plus_ab,linear,0.893333333,1.592443628,0.860540953,15784.1883,2819.987772,0.5,1000,normal,"(400, 2000, 2000, 2000)",[[0.85       0.91666667 0.93333333 0.86666667 0.9       ]],50,sgd,1
jackknife_plus_ab,linear,0.913333333,3.470384547,0.726050025,11664.00561,3158.225465,1,1000,normal,"(400, 2000, 2000, 2000)",[[0.93333333 0.91666667 0.93333333 0.88333333 0.9       ]],50,sgd,1
jackknife_plus_ab,linear,0.92,0.005075581,0.999492042,20050.73922,2527.359386,0,1000,normal,"(400, 2000, 2000, 2000)",[[1.  1.  1.  1.  0.6]],50,lbfgs,1
jackknife_plus_ab,linear,0.88,0.634317865,0.93931544,18307.30241,2624.02824,0.2,1000,normal,"(400, 2000, 2000, 2000)",[[0.86666667 0.9        0.88333333 0.88333333 0.86666667]],50,lbfgs,1
jackknife_plus_ab,linear,0.893333333,1.703874018,0.850879628,15594.3944,2894.827935,0.5,1000,normal,"(400, 2000, 2000, 2000)",[[0.95       0.86666667 0.88333333 0.93333333 0.83333333]],50,lbfgs,1
jackknife_plus_ab,linear,0.863333333,3.221853804,0.76636622,12556.72088,3165.000982,1,1000,normal,"(400, 2000, 2000, 2000)",[[0.85       0.83333333 0.8        0.9        0.93333333]],50,lbfgs,1
jackknife_plus_ab,linear,0.893333333,0.007154477,0.999284508,20044.08493,245.9986036,0,1000,normal,"(400, 2000)",[[0.9        0.85       0.95       0.98333333 0.78333333]],50,adam,1
jackknife_plus_ab,linear,0.893333333,0.652235497,0.936683452,18173.80597,253.3636806,0.2,1000,normal,"(400, 2000)",[[0.86666667 0.86666667 0.93333333 0.88333333 0.91666667]],50,adam,1
jackknife_plus_ab,linear,0.9,1.586230943,0.858002576,15894.00866,243.2759624,0.5,1000,normal,"(400, 2000)",[[0.9        0.9        0.88333333 0.88333333 0.93333333]],50,adam,1
jackknife_plus_ab,linear,0.906666667,3.457691788,0.736005761,11577.87799,302.9807069,1,1000,normal,"(400, 2000)",[[0.86666667 0.91666667 0.91666667 0.93333333 0.9       ]],50,adam,1
jackknife_plus_ab,linear,0.926666667,0.004834212,0.999515868,20051.40142,2601.867998,0,1000,normal,"(400, 2000, 2000, 2000)",[[1.         1.         1.         1.         0.63333333]],50,adam,1
jackknife_plus_ab,linear,0.89,0.634903106,0.93830702,18281.54978,2655.260807,0.2,1000,normal,"(400, 2000, 2000, 2000)",[[0.83333333 0.85       0.86666667 0.93333333 0.96666667]],50,adam,1
jackknife_plus_ab,linear,0.883333333,1.629802041,0.849804668,15748.21029,2806.189913,0.5,1000,normal,"(400, 2000, 2000, 2000)",[[0.9        0.95       0.9        0.83333333 0.83333333]],50,adam,1
jackknife_plus_ab,linear,0.87,3.275113242,0.750744516,12006.87014,2709.335371,1,1000,normal,"(400, 2000, 2000, 2000)",[[0.85       0.91666667 0.86666667 0.83333333 0.88333333]],50,adam,1
jackknife_plus_ab,linear,0.91,0.004802822,0.999519618,20052.72924,88.18816113,0,1000,normal,"(200, 1000)",[[1.         0.98333333 0.93333333 0.85       0.78333333]],50,adam,1
jackknife_plus_ab,linear,0.893333333,0.653347593,0.936506457,18253.06864,87.49474931,0.2,1000,normal,"(200, 1000)",[[0.88333333 0.91666667 0.9        0.88333333 0.88333333]],50,adam,1
jackknife_plus_ab,linear,0.923333333,1.659356114,0.851357707,15432.48569,84.67080855,0.5,1000,normal,"(200, 1000)",[[0.9        0.93333333 0.95       0.93333333 0.9       ]],50,adam,1
jackknife_plus_ab,linear,0.92,3.293016701,0.732059885,12137.13987,94.21516943,1,1000,normal,"(200, 1000)",[[0.91666667 0.95       0.88333333 0.96666667 0.88333333]],50,adam,1
jackknife_plus_ab,linear,0.886666667,4.290488282,0.721980241,10493.00071,101.7244425,4,1000,student,"(200, 1000)",[[0.88333333 0.86666667 0.86666667 0.91666667 0.9       ]],50,adam,1
jackknife_plus_ab,linear,0.886666667,4.146838263,0.794929586,11346.15861,109.6837969,5,1000,student,"(200, 1000)",[[0.9        0.85       0.86666667 0.85       0.96666667]],50,adam,1
jackknife_plus_ab,linear,0.903333333,3.562719812,0.72687893,11964.7181,113.686554,10,1000,student,"(200, 1000)",[[0.9        0.9        0.86666667 0.91666667 0.93333333]],50,adam,1
jackknife_plus_ab,linear,0.903333333,3.286055334,0.771494601,12132.21866,97.01810336,1000,1000,student,"(200, 1000)",[[0.88333333 0.88333333 0.93333333 0.9        0.91666667]],50,adam,1
