strategy,data_name,coverage,mean_width,cwc,mwi,total_time,noise_std,num_samples,noise_type,layer_size,ssc
split,sinex_het,0.8633333333333333,5.234601456864454,0.6731239490325043,5846.665554297699,2.3665945529937744,0.5,300,laplace,"(200, 1000)",999
split,sinex_het,0.9666666666666668,9.120810106700883,0.5243434914624204,2657.8511792957547,3.9755377769470215,1.0,300,laplace,"(200, 1000)",999
split,sinex_het,0.95,12.245845180035504,0.4786433203646998,928.1799459528738,2.1831130981445312,1.5,300,laplace,"(200, 1000)",999
split,sinex_het,0.95,13.96215437430094,0.4619758704545886,1652.365843429778,1.9840571880340576,2.0,300,laplace,"(200, 1000)",999
split_resid_norm,sinex_het,0.97,11.081435344852398,0.3080172910029145,1956.8221396400368,3.9371895790100098,0.5,300,laplace,"(200, 1000)",[[0.86666667 0.98333333 1.         1.         1.        ]]
split_resid_norm,sinex_het,0.9533333333333334,8.051878062484175,0.5800894386622414,3755.547963414976,4.518385648727417,1.0,300,laplace,"(200, 1000)",[[0.9        0.95       0.98333333 0.98333333 0.95      ]]
split_resid_norm,sinex_het,0.96,11.643557972440698,0.5042845199285578,1480.7805125269049,3.2063024044036865,1.5,300,laplace,"(200, 1000)",[[0.95       0.96666667 0.98333333 0.96666667 0.93333333]]
split_resid_norm,sinex_het,0.95,45.71489746485686,-0.761593366944871,1089.3663328045302,2.715611934661865,2.0,300,laplace,"(200, 1000)",[[0.76666667 0.98333333 1.         1.         1.        ]]
jackknife_plus,sinex_het,0.8766666666666667,6.300786520406785,0.6065465041983326,3842.252246157429,6.541118144989014,0.5,300,laplace,"(200, 1000)",[[0.93333333 0.86666667 0.9        0.86666667 0.81666667]]
jackknife_plus,sinex_het,0.9566666666666668,8.413976929058858,0.5612056746442811,2279.4415603242974,6.732462167739868,1.0,300,laplace,"(200, 1000)",[[0.98333333 0.96666667 0.96666667 0.95       0.91666667]]
jackknife_plus,sinex_het,0.9033333333333332,8.966769336565795,0.6182481181138143,2228.4811728641857,6.040752172470093,1.5,300,laplace,"(200, 1000)",[[0.86666667 0.88333333 0.9        0.95       0.91666667]]
jackknife_plus,sinex_het,0.9166666666666666,12.589717214674812,0.5148628986250099,1845.8258383956904,6.3748204708099365,2.0,300,laplace,"(200, 1000)",[[0.93333333 0.93333333 0.96666667 0.88333333 0.86666667]]
jackknife_plus_ab,sinex_het,0.89,5.489447237615558,0.6572109212123659,5707.0427319733935,84.94681119918823,0.5,300,laplace,"(200, 1000)",[[0.71666667 0.93333333 0.95       0.91666667 0.93333333]]
jackknife_plus_ab,sinex_het,0.9333333333333332,7.247837726381483,0.6220214476291094,4117.440111676592,82.09725141525269,1.0,300,laplace,"(200, 1000)",[[0.93333333 0.93333333 0.93333333 0.95       0.91666667]]
jackknife_plus_ab,sinex_het,0.89,7.745268614689535,0.67025231650506,3640.6116044656255,64.79268336296082,1.5,300,laplace,"(200, 1000)",[[0.83333333 0.93333333 0.83333333 0.93333333 0.91666667]]
jackknife_plus_ab,sinex_het,0.91,11.49340151336894,0.5571088327335715,2576.272249336396,63.76672077178955,2.0,300,laplace,"(200, 1000)",[[0.9        0.93333333 0.83333333 0.93333333 0.95      ]]
cqr,sinex_het,0.91,5.361770333887077,0.665183715839838,5585.277896506448,0.5248589515686035,0.5,300,laplace,"(200, 1000)",[[0.91666667 0.93333333 0.86666667 0.88333333 0.95      ]]
cqr,sinex_het,0.9233333333333332,7.912810933341551,0.5873431796434165,3708.213855890322,0.0587882995605468,1.0,300,laplace,"(200, 1000)",[[0.86666667 0.88333333 0.93333333 0.98333333 0.95      ]]
cqr,sinex_het,0.9133333333333332,8.678927651490252,0.6305026052516243,3162.0283473094323,0.0616683959960937,1.5,300,laplace,"(200, 1000)",[[0.86666667 0.88333333 0.96666667 0.9        0.95      ]]
cqr,sinex_het,0.91,11.964409223267817,0.538958844056574,3063.384693647337,0.0640008449554443,2.0,300,laplace,"(200, 1000)",[[0.93333333 0.86666667 0.86666667 0.88333333 1.        ]]
split,sinex_con,0.8833333333333333,2.3607973803169315,0.7795388445805944,9427.928047765285,3.270719051361084,0.5,300,laplace,"(200, 1000)",999
split,sinex_con,0.8,4.900872187648253,0.620459968047004,4560.803322247824,1.6323552131652832,1.0,300,laplace,"(200, 1000)",999
split,sinex_con,0.8033333333333333,4.520585543436124,0.7865041327149246,7516.757271435635,2.428858518600464,1.5,300,laplace,"(200, 1000)",999
split,sinex_con,0.96,13.431765849798598,0.4614797413333183,1165.451905497512,4.219969272613525,2.0,300,laplace,"(200, 1000)",999
split_resid_norm,sinex_con,0.9533333333333334,3.1729405363172143,0.7036958017167646,7670.017337847785,2.83487606048584,0.5,300,laplace,"(200, 1000)",[[0.93333333 0.91666667 1.         0.96666667 0.95      ]]
split_resid_norm,sinex_con,0.98,16.97784980391232,-0.314798304301489,1979.9297473194608,2.985424280166626,1.0,300,laplace,"(200, 1000)",[[0.91666667 0.98333333 1.         1.         1.        ]]
split_resid_norm,sinex_con,0.9866666666666668,18.941508997547537,0.1054702486509981,641.0159358880301,2.082965135574341,1.5,300,laplace,"(200, 1000)",[[0.96666667 0.98333333 0.98333333 1.         1.        ]]
split_resid_norm,sinex_con,0.99,29.58866220702007,-0.1862941015050923,495.1602388088444,3.874039649963379,2.0,300,laplace,"(200, 1000)",[[0.95 1.   1.   1.   1.  ]]
jackknife_plus,sinex_con,0.9433333333333334,2.8051425547841107,0.7380429009856602,8362.969186035138,10.320788621902466,0.5,300,laplace,"(200, 1000)",[[0.91666667 0.95       0.96666667 0.93333333 0.95      ]]
jackknife_plus,sinex_con,0.9033333333333332,4.94957193855576,0.6166947549125733,5977.871158207853,12.06763219833374,1.0,300,laplace,"(200, 1000)",[[0.88333333 0.9        0.91666667 0.88333333 0.93333333]]
jackknife_plus,sinex_con,0.9366666666666666,7.756798741395766,0.633677694713846,2887.676718158354,7.520198345184326,1.5,300,laplace,"(200, 1000)",[[0.93333333 0.93333333 0.91666667 0.93333333 0.96666667]]
jackknife_plus,sinex_con,0.9266666666666666,10.452338308144538,0.5809349138212361,1852.846837100012,8.313035249710083,2.0,300,laplace,"(200, 1000)",[[0.93333333 0.96666667 0.86666667 0.91666667 0.95      ]]
jackknife_plus_ab,sinex_con,0.9266666666666666,2.578060377427753,0.7592496117378067,8926.022288609658,88.59147500991821,0.5,300,laplace,"(200, 1000)",[[0.91666667 0.95       0.93333333 0.93333333 0.9       ]]
jackknife_plus_ab,sinex_con,0.8966666666666666,4.794157932581599,0.6287303415577702,6096.446757073686,81.0591390132904,1.0,300,laplace,"(200, 1000)",[[0.91666667 0.9        0.86666667 0.88333333 0.91666667]]
jackknife_plus_ab,sinex_con,0.93,7.138217629876676,0.6628909719921529,3986.19750849273,80.25030136108398,1.5,300,laplace,"(200, 1000)",[[0.93333333 0.96666667 0.9        0.91666667 0.93333333]]
jackknife_plus_ab,sinex_con,0.9033333333333332,9.302999943413868,0.6270156411189968,2673.0666152214385,69.91610789299011,2.0,300,laplace,"(200, 1000)",[[0.93333333 0.9        0.95       0.8        0.93333333]]
cqr,sinex_con,0.9166666666666666,2.969294099214181,0.7227149418566118,8417.705272430107,0.0610027313232421,0.5,300,laplace,"(200, 1000)",[[0.86666667 0.91666667 0.9        0.91666667 0.98333333]]
cqr,sinex_con,0.8666666666666667,5.373439424425301,0.5838689253749372,5679.518945983455,0.0610010623931884,1.0,300,laplace,"(200, 1000)",[[0.83333333 0.76666667 0.96666667 0.8        0.96666667]]
cqr,sinex_con,0.8866666666666667,6.625213701347622,0.6871184956303688,4345.133952568232,0.0700025558471679,1.5,300,laplace,"(200, 1000)",[[0.83333333 0.83333333 0.91666667 0.9        0.95      ]]
cqr,sinex_con,0.8833333333333333,9.523988117341988,0.6181554171117992,3283.9975630034223,0.061211347579956,2.0,300,laplace,"(200, 1000)",[[0.83333333 0.91666667 0.88333333 0.86666667 0.91666667]]
split,linear,0.9033333333333332,2.3475517872735803,0.8382467533561717,13791.184427013775,1.2249813079833984,0.5,300,laplace,"(200, 1000)",999
split,linear,0.88,4.617357878425498,0.731320019659205,10055.653510023803,1.8351008892059328,1.0,300,laplace,"(200, 1000)",999
split,linear,0.9066666666666666,7.1467108970690365,0.679713084587388,6689.29719557498,1.336230993270874,1.5,300,laplace,"(200, 1000)",999
split,linear,0.9,9.648047325050715,0.6502226135069973,6595.291929316334,0.9185187816619872,2.0,300,laplace,"(200, 1000)",999
split_resid_norm,linear,0.9033333333333332,2.600620905613435,0.8208095453990152,13810.315839616856,1.639393329620361,0.5,300,laplace,"(200, 1000)",[[0.88333333 0.85       0.91666667 0.93333333 0.93333333]]
split_resid_norm,linear,0.9433333333333334,9.401841222451088,0.4529149011254983,4871.865211873072,1.185895919799805,1.0,300,laplace,"(200, 1000)",[[0.81666667 0.93333333 0.96666667 1.         1.        ]]
split_resid_norm,linear,0.88,6.7984302391797575,0.6953213772540493,6646.218793151222,1.528190851211548,1.5,300,laplace,"(200, 1000)",[[0.8        0.83333333 0.93333333 0.9        0.93333333]]
split_resid_norm,linear,0.8066666666666666,7.655110266520834,0.7224676566833323,7703.429357232518,1.1617231369018557,2.0,300,laplace,"(200, 1000)",[[0.75       0.75       0.76666667 0.85       0.91666667]]
jackknife_plus,linear,0.9233333333333332,2.400232826990729,0.8346164293587299,13860.291388140808,4.995143175125122,0.5,300,laplace,"(200, 1000)",[[0.95       0.88333333 0.93333333 0.93333333 0.91666667]]
jackknife_plus,linear,0.9,4.922739794500379,0.713550427323456,9320.65884776649,4.382028102874756,1.0,300,laplace,"(200, 1000)",[[0.88333333 0.95       0.93333333 0.9        0.83333333]]
jackknife_plus,linear,0.9033333333333332,6.998323794000271,0.686363221290329,6817.680802474343,3.4113943576812744,1.5,300,laplace,"(200, 1000)",[[0.88333333 0.88333333 0.95       0.9        0.9       ]]
jackknife_plus,linear,0.9,9.262821047024532,0.664188490352001,5745.305960817837,3.740395784378052,2.0,300,laplace,"(200, 1000)",[[0.9        0.9        0.88333333 0.88333333 0.93333333]]
jackknife_plus_ab,linear,0.9233333333333332,2.399559196052202,0.8346628444905875,13803.020384729483,42.2350857257843,0.5,300,laplace,"(200, 1000)",[[0.9        0.93333333 0.93333333 0.91666667 0.93333333]]
jackknife_plus_ab,linear,0.8766666666666667,4.622647607626946,0.7310121098525156,9985.34067094472,32.003910064697266,1.0,300,laplace,"(200, 1000)",[[0.9        0.9        0.88333333 0.86666667 0.83333333]]
jackknife_plus_ab,linear,0.9066666666666666,6.785012661758606,0.6959229463952578,6807.310962703888,40.23666501045227,1.5,300,laplace,"(200, 1000)",[[0.86666667 0.88333333 0.91666667 0.93333333 0.93333333]]
jackknife_plus_ab,linear,0.8733333333333333,8.744896254708854,0.682964693291733,6753.463052739233,32.47933506965637,2.0,300,laplace,"(200, 1000)",[[0.8        0.81666667 0.88333333 0.9        0.96666667]]
cqr,linear,0.8933333333333333,2.4899892026941486,0.8284323681075222,13880.510411231851,0.0568079948425293,0.5,300,laplace,"(200, 1000)",[[0.81666667 0.88333333 0.88333333 0.93333333 0.95      ]]
cqr,linear,0.8766666666666667,5.150492301527579,0.7002973430765271,9536.293384910396,0.0620017051696777,1.0,300,laplace,"(200, 1000)",[[0.8        0.85       0.91666667 0.88333333 0.93333333]]
cqr,linear,0.9033333333333332,7.166939749408445,0.6788065313204964,6598.046379503529,0.0599734783172607,1.5,300,laplace,"(200, 1000)",[[0.91666667 0.85       0.9        0.91666667 0.93333333]]
cqr,linear,0.91,11.606282011512038,0.5792293081740977,4569.126254485833,0.0620138645172119,2.0,300,laplace,"(200, 1000)",[[0.88333333 0.86666667 0.91666667 0.93333333 0.95      ]]
split,cube,0.8866666666666667,2.149996236819685,0.7677547695298739,2202.1974951760603,3.6054937839508057,0.5,300,laplace,"(200, 1000)",999
split,cube,0.8433333333333334,3.633772760956778,0.6748943184431749,2437.674795369031,3.1009206771850586,1.0,300,laplace,"(200, 1000)",999
split,cube,0.8866666666666667,7.48659266961314,0.5094428024302622,860.9453239577648,0.6496624946594238,1.5,300,laplace,"(200, 1000)",999
split,cube,0.98,15.232116555662772,0.361783126836552,265.19733312269227,3.2400765419006348,2.0,300,laplace,"(200, 1000)",999
split_resid_norm,cube,0.9133333333333332,3.332590888293301,0.6400095426119571,1008.5754327322755,2.0282187461853027,0.5,300,laplace,"(200, 1000)",[[0.75       0.88333333 0.96666667 0.96666667 1.        ]]
split_resid_norm,cube,0.91,5.121447579686677,0.5417983144953349,1152.873752255533,1.497506856918335,1.0,300,laplace,"(200, 1000)",[[0.85       0.91666667 0.9        0.95       0.93333333]]
split_resid_norm,cube,0.9766666666666668,13.951678395806589,0.0858192678362988,149.98494273001046,0.6183440685272217,1.5,300,laplace,"(200, 1000)",[[0.91666667 0.96666667 1.         1.         1.        ]]
split_resid_norm,cube,0.87,9.314667885658997,0.6097216705193574,1418.6709640882864,2.7825920581817627,2.0,300,laplace,"(200, 1000)",[[0.8        0.83333333 0.91666667 0.93333333 0.86666667]]
jackknife_plus,cube,0.94,2.5895411314421337,0.7202736028662601,1396.3084952992908,6.07272219657898,0.5,300,laplace,"(200, 1000)",[[0.95       1.         0.88333333 0.93333333 0.93333333]]
jackknife_plus,cube,0.89,4.67807748281331,0.581465396544267,1252.2893844859516,3.023491859436035,1.0,300,laplace,"(200, 1000)",[[0.88333333 0.9        0.9        0.93333333 0.83333333]]
jackknife_plus,cube,0.8733333333333333,6.885592813524791,0.5488228675601695,1280.0701569798734,4.14928150177002,1.5,300,laplace,"(200, 1000)",[[0.85       0.81666667 0.95       0.85       0.9       ]]
jackknife_plus,cube,0.8766666666666667,9.42652604902866,0.6050351145199647,1327.4172793593095,3.781214714050293,2.0,300,laplace,"(200, 1000)",[[0.85       0.83333333 0.88333333 0.91666667 0.9       ]]
jackknife_plus_ab,cube,0.92,2.42817391730014,0.7377055343668757,1756.777058116142,58.17779493331909,0.5,300,laplace,"(200, 1000)",[[0.93333333 0.96666667 0.93333333 0.9        0.86666667]]
jackknife_plus_ab,cube,0.8833333333333333,4.317919671651367,0.6136875991126899,1590.2182014022803,48.87529444694519,1.0,300,laplace,"(200, 1000)",[[0.88333333 0.86666667 0.88333333 0.91666667 0.86666667]]
jackknife_plus_ab,cube,0.86,6.481720699206978,0.5752859563736421,1543.371827473798,49.23455762863159,1.5,300,laplace,"(200, 1000)",[[0.83333333 0.85       0.85       0.91666667 0.85      ]]
jackknife_plus_ab,cube,0.8833333333333333,9.24994884352808,0.6124337297413999,1386.063280249489,38.51275277137756,2.0,300,laplace,"(200, 1000)",[[0.91666667 0.86666667 0.9        0.88333333 0.85      ]]
cqr,cube,0.9066666666666666,2.6547563336464344,0.7132301016174256,1677.3728259415343,0.0661675930023193,0.5,300,laplace,"(200, 1000)",[[0.86666667 0.9        0.9        0.91666667 0.95      ]]
cqr,cube,0.9233333333333332,5.224745365683648,0.5325563139103737,1605.1687049425543,0.069000244140625,1.0,300,laplace,"(200, 1000)",[[0.83333333 0.91666667 0.91666667 0.95       1.        ]]
cqr,cube,0.8933333333333333,7.70503422366703,0.4951295429489571,1219.589277258722,0.0650012493133544,1.5,300,laplace,"(200, 1000)",[[0.86666667 0.9        0.83333333 0.9        0.96666667]]
cqr,cube,0.8766666666666667,10.14546201779164,0.5749122389587584,1367.50346382953,0.0650010108947753,2.0,300,laplace,"(200, 1000)",[[0.76666667 0.88333333 0.91666667 0.93333333 0.88333333]]
split,nmm,0.94,3.546490371200272,0.7652417832252751,15874.183364878962,9.511576414108276,0.5,300,laplace,"(200, 1000)",999
split,nmm,0.8533333333333334,4.064314526164864,0.7869435944479859,15895.93753868849,9.645365476608276,1.0,300,laplace,"(200, 1000)",999
split,nmm,0.8266666666666667,5.549376549151728,0.7906214721344322,13893.35657903564,8.249500036239624,1.5,300,laplace,"(200, 1000)",999
split,nmm,0.9466666666666668,14.435058475773529,0.4523693107822894,4069.629569258332,2.266962766647339,2.0,300,laplace,"(200, 1000)",999
split_resid_norm,nmm,0.9,2.8846290071479244,0.809054372353802,17451.77479181501,9.658957481384276,0.5,300,laplace,"(200, 1000)",[[0.88333333 0.88333333 0.88333333 0.86666667 0.98333333]]
split_resid_norm,nmm,0.9833333333333332,10.219506537869607,0.4642818843144663,6695.662821024958,7.926043748855591,1.0,300,laplace,"(200, 1000)",[[1.         0.98333333 0.96666667 0.98333333 0.98333333]]
split_resid_norm,nmm,0.93,8.64425178652994,0.6738575388673491,9294.002788664968,7.599186182022095,1.5,300,laplace,"(200, 1000)",[[0.91666667 0.95       0.9        0.95       0.93333333]]
split_resid_norm,nmm,0.95,13.27358887212735,0.496432281648917,5371.736690569872,3.5954601764678955,2.0,300,laplace,"(200, 1000)",[[0.96666667 0.9        0.95       0.96666667 0.96666667]]
jackknife_plus,nmm,0.92,3.804299645574985,0.7481772369811887,15267.584475562728,26.57838463783264,0.5,300,laplace,"(200, 1000)",[[0.85       0.96666667 0.88333333 0.98333333 0.91666667]]
jackknife_plus,nmm,0.94,7.669878589389115,0.59793773426546,9489.263398677,19.26909303665161,1.0,300,laplace,"(200, 1000)",[[0.95 0.95 0.95 0.9  0.95]]
jackknife_plus,nmm,0.9266666666666666,9.031598732565598,0.6592433346093731,7970.039162496797,16.637233018875122,1.5,300,laplace,"(200, 1000)",[[0.9        0.93333333 0.91666667 0.91666667 0.96666667]]
jackknife_plus,nmm,0.91,12.683071780585614,0.5188361996362296,5175.686362484959,9.55487060546875,2.0,300,laplace,"(200, 1000)",[[0.83333333 0.93333333 0.96666667 0.96666667 0.85      ]]
jackknife_plus_ab,nmm,0.9033333333333332,2.8763601382050727,0.809601714288383,17005.397294842245,241.74536609649653,0.5,300,laplace,"(200, 1000)",[[0.85       0.95       0.95       0.91666667 0.85      ]]
jackknife_plus_ab,nmm,0.9166666666666666,5.380442811917694,0.7179525875747733,13071.875654802589,197.5222442150116,1.0,300,laplace,"(200, 1000)",[[0.91666667 0.88333333 0.88333333 0.96666667 0.93333333]]
jackknife_plus_ab,nmm,0.9,7.024419909375402,0.7349733217248007,10804.182919729468,179.84595942497253,1.5,300,laplace,"(200, 1000)",[[0.85       0.91666667 0.91666667 0.86666667 0.95      ]]
jackknife_plus_ab,nmm,0.9033333333333332,11.39047625602216,0.5678740586536986,6816.403949543719,127.31206846237184,2.0,300,laplace,"(200, 1000)",[[0.9        0.85       0.93333333 0.93333333 0.9       ]]
cqr,nmm,0.87,2.814086125076633,0.813723167647146,17117.86980981464,0.0629994869232177,0.5,300,laplace,"(200, 1000)",[[0.7        0.88333333 0.95       0.93333333 0.88333333]]
cqr,nmm,0.9233333333333332,5.983579764837566,0.6863354809421973,13295.050770762942,0.0559995174407959,1.0,300,laplace,"(200, 1000)",[[0.86666667 0.93333333 0.88333333 0.96666667 0.96666667]]
cqr,nmm,0.9233333333333332,7.771267960858401,0.706794858038686,11280.720177093088,0.0610010623931884,1.5,300,laplace,"(200, 1000)",[[0.91666667 0.91666667 0.9        0.95       0.93333333]]
cqr,nmm,0.88,9.566423458797802,0.6370737718246491,11684.916199848703,0.0615103244781494,2.0,300,laplace,"(200, 1000)",[[0.8        0.88333333 0.81666667 0.93333333 0.96666667]]
split,sinex_het,0.9466666666666668,7.103147893295827,0.569863367277848,3299.323554522396,16.239566564559937,0.5,300,laplace,"(200, 1000, 1000, 1000)",999
split,sinex_het,0.87,6.678356977936468,0.5942023284956928,4849.061163396167,9.47188925743103,1.0,300,laplace,"(200, 1000, 1000, 1000)",999
split,sinex_het,0.9566666666666668,9.524734614988676,0.4230430021240743,2406.2679090778706,18.117515325546265,1.5,300,laplace,"(200, 1000, 1000, 1000)",999
split,sinex_het,0.91,10.712328827649726,0.6141969867800275,2886.575528222921,10.349462747573853,2.0,300,laplace,"(200, 1000, 1000, 1000)",999
split_resid_norm,sinex_het,0.94,8.65697820862486,0.4757707180437492,2661.6050018085125,16.788423776626587,0.5,300,laplace,"(200, 1000, 1000, 1000)",[[0.73333333 0.96666667 1.         1.         1.        ]]
split_resid_norm,sinex_het,0.97,14.788843526890954,0.1013847124098731,871.36566028384,12.655831813812256,1.0,300,laplace,"(200, 1000, 1000, 1000)",[[0.86666667 0.98333333 1.         1.         1.        ]]
split_resid_norm,sinex_het,0.89,9.548739254108645,0.4215902503947366,3557.795440965001,10.582642316818236,1.5,300,laplace,"(200, 1000, 1000, 1000)",[[0.63333333 0.85       0.98333333 1.         0.98333333]]
split_resid_norm,sinex_het,0.94,12.90319636879352,0.5352924185203476,2444.965228533485,13.354706048965454,2.0,300,laplace,"(200, 1000, 1000, 1000)",[[0.83333333 0.91666667 0.98333333 1.         0.96666667]]
jackknife_plus,sinex_het,0.9533333333333334,7.190527274489459,0.5645716914519106,2802.3214217300147,40.71610903739929,0.5,300,laplace,"(200, 1000, 1000, 1000)",[[1.         0.96666667 0.95       0.88333333 0.96666667]]
jackknife_plus,sinex_het,0.8766666666666667,7.428986769579284,0.5485920317709273,3150.877249628935,30.445140838623047,1.0,300,laplace,"(200, 1000, 1000, 1000)",[[0.91666667 0.78333333 0.88333333 0.93333333 0.86666667]]
jackknife_plus,sinex_het,0.9633333333333334,9.866216283061716,0.4023576796082593,1910.3591648840124,44.54207611083984,1.5,300,laplace,"(200, 1000, 1000, 1000)",[[0.95       0.96666667 0.98333333 0.96666667 0.95      ]]
jackknife_plus,sinex_het,0.9233333333333332,12.271606389781164,0.5580395916408162,1405.389035247298,27.063920736312863,2.0,300,laplace,"(200, 1000, 1000, 1000)",[[0.9        0.93333333 0.98333333 0.88333333 0.91666667]]
jackknife_plus_ab,sinex_het,0.92,6.069222155680799,0.632474350049077,4516.181973106425,323.5973701477051,0.5,300,laplace,"(200, 1000, 1000, 1000)",[[0.86666667 0.96666667 0.95       0.93333333 0.88333333]]
jackknife_plus_ab,sinex_het,0.8533333333333334,6.706449009064355,0.5924946163137241,4208.321409142314,299.62050676345825,1.0,300,laplace,"(200, 1000, 1000, 1000)",[[0.76666667 0.95       0.9        0.88333333 0.76666667]]
jackknife_plus_ab,sinex_het,0.94,9.03011438110251,0.4530049884711106,2769.7015127935324,336.5533654689789,1.5,300,laplace,"(200, 1000, 1000, 1000)",[[0.98333333 0.95       0.93333333 0.91666667 0.91666667]]
jackknife_plus_ab,sinex_het,0.9166666666666666,11.28707886848456,0.5934973449038556,2351.548497080664,326.96103715896606,2.0,300,laplace,"(200, 1000, 1000, 1000)",[[0.95       0.93333333 0.9        0.86666667 0.93333333]]
cqr,sinex_het,0.9166666666666666,5.763290742514846,0.6510002828812431,4659.697346313023,0.0710010528564453,0.5,300,laplace,"(200, 1000, 1000, 1000)",[[0.91666667 0.88333333 0.95       0.88333333 0.95      ]]
cqr,sinex_het,0.8733333333333333,6.9410025087381095,0.5782433165161716,4010.0135710688655,0.061899185180664,1.0,300,laplace,"(200, 1000, 1000, 1000)",[[0.88333333 0.81666667 0.88333333 0.85       0.93333333]]
cqr,sinex_het,0.9466666666666668,9.829786332203764,0.4045651369968287,2219.871195664364,0.0655245780944824,1.5,300,laplace,"(200, 1000, 1000, 1000)",[[0.96666667 0.88333333 0.96666667 0.96666667 0.95      ]]
cqr,sinex_het,0.8833333333333333,10.93420665682853,0.6062059823289292,3215.64676994573,0.0629694461822509,2.0,300,laplace,"(200, 1000, 1000, 1000)",[[0.83333333 0.88333333 0.83333333 0.93333333 0.93333333]]
split,sinex_con,0.92,2.6928187491419,0.7754046228959379,8920.70852069861,14.992831707000732,0.5,300,laplace,"(200, 1000, 1000, 1000)",999
split,sinex_con,0.9466666666666668,5.974928182592038,0.5619862614302049,4352.425113002845,13.038650035858154,1.0,300,laplace,"(200, 1000, 1000, 1000)",999
split,sinex_con,0.9666666666666668,10.315109341505927,0.4275798053032609,2122.699474502865,9.37092113494873,1.5,300,laplace,"(200, 1000, 1000, 1000)",999
split,sinex_con,0.9266666666666666,10.75439593407256,0.5534746457745425,2650.8489023584457,8.038291931152344,2.0,300,laplace,"(200, 1000, 1000, 1000)",999
split_resid_norm,sinex_con,0.9633333333333334,4.295069398574921,0.6417663345299879,6686.355078855325,13.029581785202026,0.5,300,laplace,"(200, 1000, 1000, 1000)",[[0.95       0.95       0.95       0.96666667 1.        ]]
split_resid_norm,sinex_con,0.91,4.849782293324374,0.6444700826295913,6267.330019908629,15.635513305664062,1.0,300,laplace,"(200, 1000, 1000, 1000)",[[0.8        0.91666667 0.95       0.93333333 0.95      ]]
split_resid_norm,sinex_con,0.87,6.317326096274339,0.6494308554430477,4637.316500839164,8.097472190856934,1.5,300,laplace,"(200, 1000, 1000, 1000)",[[0.76666667 0.81666667 0.88333333 0.93333333 0.95      ]]
split_resid_norm,sinex_con,0.91,12.3224650932084,0.4883684030497663,3169.7836329826,10.944708108901978,2.0,300,laplace,"(200, 1000, 1000, 1000)",[[0.8        0.86666667 0.93333333 0.96666667 0.98333333]]
jackknife_plus,sinex_con,0.94,3.377841038936761,0.7182693676746986,7241.93735833318,39.66381239891052,0.5,300,laplace,"(200, 1000, 1000, 1000)",[[0.91666667 0.91666667 0.96666667 0.91666667 0.98333333]]
jackknife_plus,sinex_con,0.9133333333333332,5.115825244319325,0.6249668489172393,5466.077232680933,35.94221544265747,1.0,300,laplace,"(200, 1000, 1000, 1000)",[[0.91666667 0.96666667 0.9        0.85       0.93333333]]
jackknife_plus,sinex_con,0.91,7.051682680648375,0.6086795916078274,3889.422249787136,32.68379855155945,1.5,300,laplace,"(200, 1000, 1000, 1000)",[[0.88333333 0.91666667 0.91666667 0.91666667 0.91666667]]
jackknife_plus,sinex_con,0.93,10.78157213252904,0.5523461803154189,2537.2665941345645,33.01385140419006,2.0,300,laplace,"(200, 1000, 1000, 1000)",[[0.95       0.91666667 0.91666667 0.91666667 0.95      ]]
jackknife_plus_ab,sinex_con,0.9233333333333332,2.78348706978779,0.7678423062461194,8646.52985346659,424.055370092392,0.5,300,laplace,"(200, 1000, 1000, 1000)",[[0.9        0.91666667 0.91666667 0.96666667 0.91666667]]
jackknife_plus_ab,sinex_con,0.8833333333333333,4.593212462927692,0.6632786904306556,6528.488667380186,382.9976522922516,1.0,300,laplace,"(200, 1000, 1000, 1000)",[[0.9        0.93333333 0.88333333 0.9        0.8       ]]
jackknife_plus_ab,sinex_con,0.9066666666666666,6.6419176882920405,0.6314187898678328,4251.90763575466,359.6248993873596,1.5,300,laplace,"(200, 1000, 1000, 1000)",[[0.88333333 0.93333333 0.88333333 0.9        0.93333333]]
jackknife_plus_ab,sinex_con,0.9,9.155900489465983,0.6198449331068102,3603.8407604694353,341.80543994903564,2.0,300,laplace,"(200, 1000, 1000, 1000)",[[0.88333333 0.9        0.88333333 0.88333333 0.95      ]]
cqr,sinex_con,0.8633333333333333,2.5194796913351354,0.7898612486683582,9441.264696270686,0.065000295639038,0.5,300,laplace,"(200, 1000, 1000, 1000)",[[0.8        0.8        0.9        0.9        0.91666667]]
cqr,sinex_con,0.9166666666666666,5.152432911279156,0.622283137125062,6084.083925261811,0.0629975795745849,1.0,300,laplace,"(200, 1000, 1000, 1000)",[[0.85       0.9        0.96666667 0.91666667 0.95      ]]
cqr,sinex_con,0.9466666666666668,8.787255787792583,0.5123660532098853,2882.6567759869054,0.062185525894165,1.5,300,laplace,"(200, 1000, 1000, 1000)",[[0.96666667 0.91666667 0.91666667 0.95       0.98333333]]
cqr,sinex_con,0.8466666666666667,9.776223075281903,0.5940873086674849,3508.4898492672723,0.0610008239746093,2.0,300,laplace,"(200, 1000, 1000, 1000)",[[0.75       0.8        0.81666667 0.91666667 0.95      ]]
split,linear,0.8866666666666667,2.2928383663826413,0.8270280494382803,13785.13397953874,10.979188680648804,0.5,300,laplace,"(200, 1000, 1000, 1000)",999
split,linear,0.9466666666666668,5.731497495389251,0.6258887685235311,8126.067089743142,9.775994062423706,1.0,300,laplace,"(200, 1000, 1000, 1000)",999
split,linear,0.88,6.627558546988631,0.7050245331581307,8214.438470945805,11.011765718460085,1.5,300,laplace,"(200, 1000, 1000, 1000)",999
split,linear,0.86,8.194803497413602,0.6935107317457208,7991.963289861466,13.356655597686768,2.0,300,laplace,"(200, 1000, 1000, 1000)",999
split_resid_norm,linear,0.9733333333333334,3.816954468938805,0.7120449971584192,10633.094696510112,16.9754319190979,0.5,300,laplace,"(200, 1000, 1000, 1000)",[[0.95       0.91666667 1.         1.         1.        ]]
split_resid_norm,linear,0.9433333333333334,10.889419754396394,0.289218479539424,4625.464396017787,11.017287731170654,1.0,300,laplace,"(200, 1000, 1000, 1000)",[[0.78333333 0.93333333 1.         1.         1.        ]]
split_resid_norm,linear,0.9866666666666668,23.01791086378086,-0.0244664374369692,2328.5437684913204,7.789852857589722,1.5,300,laplace,"(200, 1000, 1000, 1000)",[[0.93333333 1.         1.         1.         1.        ]]
split_resid_norm,linear,0.95,25.96188772812505,0.0290173813801904,3252.601209528508,11.330347776412964,2.0,300,laplace,"(200, 1000, 1000, 1000)",[[0.81666667 0.93333333 1.         1.         1.        ]]
jackknife_plus,linear,0.9133333333333332,2.6792144901434143,0.7978798268386497,12906.01735412235,47.67476558685303,0.5,300,laplace,"(200, 1000, 1000, 1000)",[[0.91666667 0.93333333 0.93333333 0.96666667 0.81666667]]
jackknife_plus,linear,0.9266666666666666,5.053346762945293,0.6701543313071031,8538.236670919721,34.06544041633606,1.0,300,laplace,"(200, 1000, 1000, 1000)",[[0.91666667 0.95       0.91666667 0.93333333 0.91666667]]
jackknife_plus,linear,0.8933333333333333,7.0789216057644015,0.6849358031286201,7543.036657219824,34.18786644935608,1.5,300,laplace,"(200, 1000, 1000, 1000)",[[0.86666667 0.86666667 0.9        0.9        0.93333333]]
jackknife_plus,linear,0.9066666666666666,10.002420760086387,0.6259063747416653,6452.510321196189,31.430396556854248,2.0,300,laplace,"(200, 1000, 1000, 1000)",[[0.96666667 0.85       0.91666667 0.91666667 0.88333333]]
jackknife_plus_ab,linear,0.9033333333333332,2.588520374821912,0.8047219268551352,13101.485801952302,436.0106139183045,0.5,300,laplace,"(200, 1000, 1000, 1000)",[[0.88333333 0.91666667 0.85       0.91666667 0.95      ]]
jackknife_plus_ab,linear,0.9066666666666666,4.669456682442436,0.6952122890048699,9734.418205884947,400.99497151374817,1.0,300,laplace,"(200, 1000, 1000, 1000)",[[0.86666667 0.91666667 0.95       0.91666667 0.88333333]]
jackknife_plus_ab,linear,0.8933333333333333,6.896504244146102,0.6930547193459473,7417.315149576046,313.4498467445373,1.5,300,laplace,"(200, 1000, 1000, 1000)",[[0.88333333 0.9        0.9        0.9        0.88333333]]
jackknife_plus_ab,linear,0.89,9.693039543809276,0.6374772909798331,6228.812113485486,361.7144320011139,2.0,300,laplace,"(200, 1000, 1000, 1000)",[[0.93333333 0.91666667 0.9        0.83333333 0.86666667]]
cqr,linear,0.8733333333333333,2.548315749895508,0.8077543996508515,13466.846965620814,0.0639727115631103,0.5,300,laplace,"(200, 1000, 1000, 1000)",[[0.75       0.76666667 0.96666667 0.93333333 0.95      ]]
cqr,linear,0.91,5.29558860181452,0.6543429824918036,8769.483811212487,0.0719718933105468,1.0,300,laplace,"(200, 1000, 1000, 1000)",[[0.83333333 0.86666667 0.93333333 0.93333333 0.98333333]]
cqr,linear,0.8833333333333333,7.039030785825292,0.6867110782057531,7627.041072605409,0.0627751350402832,1.5,300,laplace,"(200, 1000, 1000, 1000)",[[0.81666667 0.93333333 0.85       0.93333333 0.88333333]]
cqr,linear,0.9233333333333332,11.77751415522926,0.5595170617284437,4998.056942342709,0.0619988441467285,2.0,300,laplace,"(200, 1000, 1000, 1000)",[[0.93333333 0.86666667 0.86666667 0.95       1.        ]]
split,cube,0.7433333333333333,1.2365580484704173,0.9079594768842372,3879.154493583138,15.298587083816528,0.5,300,laplace,"(200, 1000, 1000, 1000)",999
split,cube,0.92,4.941611917825924,0.6759292540290658,1403.0058385095017,11.266761302947998,1.0,300,laplace,"(200, 1000, 1000, 1000)",999
split,cube,0.9433333333333334,9.370387039696066,0.4515997505405605,584.725364143253,7.550336837768555,1.5,300,laplace,"(200, 1000, 1000, 1000)",999
split,cube,0.97,14.621688824072775,0.3123069938273838,500.58148850877393,7.031584739685059,2.0,300,laplace,"(200, 1000, 1000, 1000)",999
split_resid_norm,cube,0.9066666666666666,2.866918248056523,0.7866587761497719,2895.1253226017507,16.52008891105652,0.5,300,laplace,"(200, 1000, 1000, 1000)",[[0.68333333 0.91666667 0.96666667 0.98333333 0.98333333]]
split_resid_norm,cube,0.9833333333333332,8.249827426986029,0.458973854507743,777.7936089984383,8.11000919342041,1.0,300,laplace,"(200, 1000, 1000, 1000)",[[0.91666667 1.         1.         1.         1.        ]]
split_resid_norm,cube,0.9866666666666668,11.265752680977243,0.340672271240925,390.72989122233696,8.685329675674438,1.5,300,laplace,"(200, 1000, 1000, 1000)",[[0.98333333 1.         1.         0.98333333 0.96666667]]
split_resid_norm,cube,0.9566666666666668,12.043573229891642,0.4335618063433999,911.950169877776,8.255837678909302,2.0,300,laplace,"(200, 1000, 1000, 1000)",[[0.95       0.93333333 0.96666667 0.96666667 0.96666667]]
jackknife_plus,cube,0.94,2.760867217402989,0.7945493075791561,2470.7907110567703,44.74247193336487,0.5,300,laplace,"(200, 1000, 1000, 1000)",[[0.91666667 0.98333333 0.93333333 0.96666667 0.9       ]]
jackknife_plus,cube,0.91,4.762535764331135,0.6876732540532317,1462.7444376343776,27.29207229614257,1.0,300,laplace,"(200, 1000, 1000, 1000)",[[0.86666667 0.93333333 0.93333333 0.9        0.91666667]]
jackknife_plus,cube,0.91,7.861640462362511,0.5398995354563262,1132.6597359146886,26.530455827713013,1.5,300,laplace,"(200, 1000, 1000, 1000)",[[0.88333333 0.9        0.95       0.9        0.91666667]]
jackknife_plus,cube,0.9433333333333334,10.543759886158153,0.5041019046915008,1203.7566022285866,31.405938625335693,2.0,300,laplace,"(200, 1000, 1000, 1000)",[[0.91666667 0.91666667 0.96666667 0.95       0.96666667]]
jackknife_plus_ab,cube,0.9066666666666666,2.413050352196841,0.8204332698113076,2715.7507709367537,349.2899491786957,0.5,300,laplace,"(200, 1000, 1000, 1000)",[[0.93333333 0.95       0.91666667 0.91666667 0.81666667]]
jackknife_plus_ab,cube,0.9033333333333332,4.515468713951256,0.7038759504662262,1455.2812588110603,275.4907193183899,1.0,300,laplace,"(200, 1000, 1000, 1000)",[[0.9        0.88333333 0.98333333 0.88333333 0.86666667]]
jackknife_plus_ab,cube,0.9166666666666666,7.4611031070842,0.563340774815971,1199.2622632838247,328.2894513607025,1.5,300,laplace,"(200, 1000, 1000, 1000)",[[0.91666667 0.91666667 0.88333333 0.91666667 0.95      ]]
jackknife_plus_ab,cube,0.9366666666666666,10.177426421203268,0.5213316513105232,1249.7382525891442,250.93301153182983,2.0,300,laplace,"(200, 1000, 1000, 1000)",[[0.91666667 0.93333333 0.98333333 0.88333333 0.96666667]]
cqr,cube,0.8733333333333333,2.485139440319128,0.8150682305689441,2642.9826850129784,0.085000991821289,0.5,300,laplace,"(200, 1000, 1000, 1000)",[[0.81666667 0.83333333 0.9        0.9        0.91666667]]
cqr,cube,0.89,5.138559681804923,0.6630136410336435,1319.5432071814262,0.0710034370422363,1.0,300,laplace,"(200, 1000, 1000, 1000)",[[0.86666667 0.85       0.93333333 0.86666667 0.93333333]]
cqr,cube,0.91,8.433557621727777,0.5064282396405838,1047.732506083936,0.0667469501495361,1.5,300,laplace,"(200, 1000, 1000, 1000)",[[0.8        0.88333333 0.93333333 0.93333333 1.        ]]
cqr,cube,0.92,10.771051853211585,0.4934125927256127,1425.0441686315728,0.0659668445587158,2.0,300,laplace,"(200, 1000, 1000, 1000)",[[0.78333333 0.91666667 0.93333333 0.96666667 1.        ]]
split,nmm,0.8466666666666667,2.4322016548519976,0.8444090961328552,18623.988776206923,23.522367477416992,0.5,300,laplace,"(200, 1000, 1000, 1000)",999
split,nmm,0.9566666666666668,6.583509642945509,0.6178558603621703,12682.987275507774,16.361097812652588,1.0,300,laplace,"(200, 1000, 1000, 1000)",999
split,nmm,0.8533333333333334,6.767170603107958,0.7652947197957879,12766.858921724515,17.413116216659546,1.5,300,laplace,"(200, 1000, 1000, 1000)",999
split,nmm,0.9633333333333334,14.82340625285464,0.5521304530752429,5356.203258372131,20.453957080841064,2.0,300,laplace,"(200, 1000, 1000, 1000)",999
split_resid_norm,nmm,0.86,3.428925062649593,0.7806496222120807,17691.84625417517,16.488138437271118,0.5,300,laplace,"(200, 1000, 1000, 1000)",[[0.58333333 0.83333333 0.91666667 0.96666667 1.        ]]
split_resid_norm,nmm,0.96,17.954307644991072,-0.0421640126785842,4583.540947504094,13.464715480804443,1.0,300,laplace,"(200, 1000, 1000, 1000)",[[0.83333333 0.96666667 1.         1.         1.        ]]
split_resid_norm,nmm,0.8433333333333334,7.670904366787263,0.7339501205721533,9937.415083822012,16.349143505096436,1.5,300,laplace,"(200, 1000, 1000, 1000)",[[0.73333333 0.76666667 0.88333333 0.83333333 1.        ]]
split_resid_norm,nmm,0.9166666666666666,12.759926969985711,0.6144774767265401,8814.502387427992,14.958157777786257,2.0,300,laplace,"(200, 1000, 1000, 1000)",[[0.85       0.9        0.91666667 0.93333333 0.98333333]]
jackknife_plus,nmm,0.9033333333333332,3.06641206226275,0.8038409027393086,17312.572076389206,45.98406028747559,0.5,300,laplace,"(200, 1000, 1000, 1000)",[[0.88333333 0.85       0.95       0.86666667 0.96666667]]
jackknife_plus,nmm,0.9066666666666666,5.734836275049459,0.667119361800438,13027.124856408182,60.25587463378906,1.0,300,laplace,"(200, 1000, 1000, 1000)",[[0.91666667 0.9        0.91666667 0.86666667 0.93333333]]
jackknife_plus,nmm,0.9333333333333332,9.32659647088707,0.6765278859968265,7024.145064237185,41.54917144775391,1.5,300,laplace,"(200, 1000, 1000, 1000)",[[0.9        0.9        0.93333333 1.         0.93333333]]
jackknife_plus,nmm,0.9366666666666666,12.38366094549396,0.6258451283503921,6443.934030987974,47.36381030082703,2.0,300,laplace,"(200, 1000, 1000, 1000)",[[0.9        0.95       0.96666667 0.96666667 0.9       ]]
jackknife_plus_ab,nmm,0.8633333333333333,2.439788821176832,0.8439250106166406,18220.173626174896,545.3470637798309,0.5,300,laplace,"(200, 1000, 1000, 1000)",[[0.86666667 0.86666667 0.83333333 0.85       0.9       ]]
jackknife_plus_ab,nmm,0.9,5.591824469338488,0.6754205625092458,13517.090343195763,455.137354850769,1.0,300,laplace,"(200, 1000, 1000, 1000)",[[0.91666667 0.88333333 0.9        0.86666667 0.93333333]]
jackknife_plus_ab,nmm,0.8833333333333333,7.083756025003994,0.7543161459787879,12342.63261003798,468.2930977344513,1.5,300,laplace,"(200, 1000, 1000, 1000)",[[0.85       0.86666667 0.88333333 0.85       0.96666667]]
jackknife_plus_ab,nmm,0.9266666666666666,11.565717140997496,0.6505584714542301,7973.244497301259,403.614661693573,2.0,300,laplace,"(200, 1000, 1000, 1000)",[[0.88333333 0.95       0.93333333 0.96666667 0.9       ]]
cqr,nmm,0.9,2.767040506904649,0.8229917792575951,16877.57127104265,0.0640146732330322,0.5,300,laplace,"(200, 1000, 1000, 1000)",[[0.85       0.9        0.93333333 0.93333333 0.88333333]]
cqr,nmm,0.9166666666666666,6.061469609918167,0.6481596634660041,13173.44979726001,0.0755126476287841,1.0,300,laplace,"(200, 1000, 1000, 1000)",[[0.8        0.93333333 0.88333333 0.98333333 0.98333333]]
cqr,nmm,0.91,8.052784231157002,0.7207077881081764,11294.380310628776,0.0589993000030517,1.5,300,laplace,"(200, 1000, 1000, 1000)",[[0.81666667 0.83333333 0.95       0.95       1.        ]]
cqr,nmm,0.8933333333333333,10.845050157425158,0.672332792992038,9626.37808652146,0.0636389255523681,2.0,300,laplace,"(200, 1000, 1000, 1000)",[[0.8        0.85       0.9        0.96666667 0.95      ]]
split,sinex_het,0.8466666666666667,5.087831090855477,0.7072896886043376,5531.703589039116,7.612753629684448,0.5,300,laplace,"(400, 2000)",999
split,sinex_het,0.9233333333333332,6.865574364956145,0.5551689613410373,3953.0360249894766,14.43998122215271,1.0,300,laplace,"(400, 2000)",999
split,sinex_het,0.88,7.968410154467238,0.5590364550499138,3773.025263621831,5.447363615036011,1.5,300,laplace,"(400, 2000)",999
split,sinex_het,0.8033333333333333,7.365700975490249,0.6706649830698579,5762.377989371337,8.559646368026733,2.0,300,laplace,"(400, 2000)",999
split_resid_norm,sinex_het,0.9166666666666666,40.88922696535131,-1.3524000639456455,2712.544512399304,6.909809350967407,0.5,300,laplace,"(400, 2000)",[[0.6        0.98333333 1.         1.         1.        ]]
split_resid_norm,sinex_het,0.7833333333333333,5.884126670421245,0.6187502920853871,6712.1594876222925,9.644570112228394,1.0,300,laplace,"(400, 2000)",[[0.33333333 0.68333333 0.95       0.98333333 0.96666667]]
split_resid_norm,sinex_het,0.94,11.655859833702737,0.3549765773326032,1569.9932880915092,4.799234628677368,1.5,300,laplace,"(400, 2000)",[[0.8        0.91666667 0.98333333 1.         1.        ]]
split_resid_norm,sinex_het,0.96,20.028461322575023,0.1045046597707753,1498.3742744126612,6.979227304458618,2.0,300,laplace,"(400, 2000)",[[0.83333333 0.96666667 1.         1.         1.        ]]
jackknife_plus,sinex_het,0.8533333333333334,5.472352550933578,0.6851682823416957,5164.810709803307,21.77530694007873,0.5,300,laplace,"(400, 2000)",[[0.98333333 0.98333333 0.85       0.65       0.8       ]]
jackknife_plus,sinex_het,0.94,7.703221049322507,0.5008960922742671,2337.928724647119,22.5368173122406,1.0,300,laplace,"(400, 2000)",[[0.95       0.96666667 0.93333333 0.95       0.9       ]]
jackknife_plus,sinex_het,0.94,9.891053082578615,0.4526389448892702,2042.619884240532,19.62748622894287,1.5,300,laplace,"(400, 2000)",[[0.95       0.95       0.93333333 0.9        0.96666667]]
jackknife_plus,sinex_het,0.95,12.206913850623714,0.4542140583666236,1694.4063502469285,24.046472787857056,2.0,300,laplace,"(400, 2000)",[[1.         0.95       0.88333333 0.93333333 0.98333333]]
jackknife_plus_ab,sinex_het,0.8633333333333333,5.155741548464541,0.7033837943974016,5621.653596659059,225.5003392696381,0.5,300,laplace,"(400, 2000)",[[0.88333333 0.75       0.95       0.91666667 0.81666667]]
jackknife_plus_ab,sinex_het,0.8966666666666666,6.391320035079325,0.5858968978647641,4465.56626294829,247.5621395111084,1.0,300,laplace,"(400, 2000)",[[0.8        0.93333333 0.98333333 0.91666667 0.85      ]]
jackknife_plus_ab,sinex_het,0.9133333333333332,8.87391876753507,0.5089267070736303,3134.6562821364964,217.23461174964905,1.5,300,laplace,"(400, 2000)",[[0.91666667 0.86666667 0.93333333 0.88333333 0.96666667]]
jackknife_plus_ab,sinex_het,0.92,10.920205767207465,0.5117451504239003,2647.542215354906,220.5292692184448,2.0,300,laplace,"(400, 2000)",[[0.95 0.85 0.95 0.9  0.95]]
cqr,sinex_het,0.9033333333333332,5.893320133192513,0.6609510572520093,4638.702525442531,0.0660099983215332,0.5,300,laplace,"(400, 2000)",[[0.96666667 0.9        0.78333333 0.91666667 0.95      ]]
cqr,sinex_het,0.91,6.990191477650924,0.5470950815031912,3464.0510936916185,0.0660004615783691,1.0,300,laplace,"(400, 2000)",[[0.95       0.91666667 0.85       0.9        0.93333333]]
cqr,sinex_het,0.93,9.25884054318042,0.4876251980595222,3668.911601447629,0.0629620552062988,1.5,300,laplace,"(400, 2000)",[[0.93333333 0.93333333 0.95       0.91666667 0.91666667]]
cqr,sinex_het,0.9066666666666666,11.202578811189078,0.4991201175124157,3063.6622512742583,0.0679986476898193,2.0,300,laplace,"(400, 2000)",[[0.83333333 0.91666667 0.95       0.9        0.93333333]]
split,sinex_con,0.8166666666666667,1.8886810005944297,0.8175227546977645,10205.080175458785,8.356332778930664,0.5,300,laplace,"(400, 2000)",999
split,sinex_con,0.88,4.39381337910779,0.6816169513312907,6380.970560120721,11.332585573196411,1.0,300,laplace,"(400, 2000)",999
split,sinex_con,0.9766666666666668,12.162352900418355,0.3536854593147909,819.976991012827,4.888024091720581,1.5,300,laplace,"(400, 2000)",999
split,sinex_con,0.9466666666666668,12.484040757830227,0.3712415278725003,1193.8054305139306,7.839853763580322,2.0,300,laplace,"(400, 2000)",999
split_resid_norm,sinex_con,0.85,2.4033815115311485,0.7677996346666229,9594.513150010467,8.900818824768066,0.5,300,laplace,"(400, 2000)",[[0.75       0.8        0.81666667 0.95       0.93333333]]
split_resid_norm,sinex_con,0.99,23.181643728986256,-0.679773639252177,1585.5572575062574,8.418447971343994,1.0,300,laplace,"(400, 2000)",[[0.95 1.   1.   1.   1.  ]]
split_resid_norm,sinex_con,0.89,7.140017348080248,0.6205764639421083,4396.798770112764,5.790369033813477,1.5,300,laplace,"(400, 2000)",[[0.75       0.85       0.91666667 0.98333333 0.95      ]]
split_resid_norm,sinex_con,0.8866666666666667,14.56335658075163,0.2665177222923111,2807.4971170224776,7.457986354827881,2.0,300,laplace,"(400, 2000)",[[0.68333333 0.81666667 0.95       0.98333333 1.        ]]
jackknife_plus,sinex_con,0.9133333333333332,2.647589625504233,0.7442076876812233,8683.240820947658,29.775209665298465,0.5,300,laplace,"(400, 2000)",[[0.91666667 0.9        0.88333333 0.91666667 0.95      ]]
jackknife_plus,sinex_con,0.9233333333333332,5.156200915223465,0.6263730573257074,4811.463114082711,28.75866937637329,1.0,300,laplace,"(400, 2000)",[[0.96666667 0.85       0.96666667 0.9        0.93333333]]
jackknife_plus,sinex_con,0.8966666666666666,7.316745485743429,0.6111851129030854,3755.643933907005,15.518296718597412,1.5,300,laplace,"(400, 2000)",[[0.91666667 0.9        0.88333333 0.88333333 0.9       ]]
jackknife_plus,sinex_con,0.9066666666666666,10.439800611131274,0.4742002984757636,1853.8515467956584,19.761667490005493,2.0,300,laplace,"(400, 2000)",[[0.95       0.86666667 0.91666667 0.93333333 0.86666667]]
jackknife_plus_ab,sinex_con,0.89,2.6100264615337214,0.7478368437244597,8673.485031598164,238.865629196167,0.5,300,laplace,"(400, 2000)",[[0.83333333 0.95       0.81666667 0.91666667 0.93333333]]
jackknife_plus_ab,sinex_con,0.9,4.78795203387703,0.6530573038778233,5446.053989466615,255.94165587425232,1.0,300,laplace,"(400, 2000)",[[0.95       0.81666667 0.91666667 0.91666667 0.9       ]]
jackknife_plus_ab,sinex_con,0.8766666666666667,6.426097019391635,0.6585141889204488,5046.0530465126685,230.38708758354187,1.5,300,laplace,"(400, 2000)",[[0.78333333 0.88333333 0.91666667 0.91666667 0.88333333]]
jackknife_plus_ab,sinex_con,0.89,9.74396798581328,0.5092458203251071,2619.611877751928,194.8506710529328,2.0,300,laplace,"(400, 2000)",[[0.85       0.88333333 0.88333333 0.93333333 0.9       ]]
cqr,sinex_con,0.8633333333333333,2.3437222809414764,0.7735643849975381,9299.66445823373,0.0657331943511962,0.5,300,laplace,"(400, 2000)",[[0.76666667 0.81666667 0.88333333 0.88333333 0.96666667]]
cqr,sinex_con,0.8766666666666667,5.086526060941178,0.6314218064494723,5294.152504378344,0.0638298988342285,1.0,300,laplace,"(400, 2000)",[[0.7        0.85       0.91666667 0.96666667 0.95      ]]
cqr,sinex_con,0.93,8.44626729464501,0.5511613677096114,3726.3050859120417,0.0639638900756836,1.5,300,laplace,"(400, 2000)",[[0.9        0.88333333 0.95       0.93333333 0.98333333]]
cqr,sinex_con,0.9,10.263926421121424,0.4830582083512154,2985.102808386887,0.0609676837921142,2.0,300,laplace,"(400, 2000)",[[0.88333333 0.83333333 0.93333333 0.86666667 0.98333333]]
split,linear,0.93,2.691567147485692,0.7886610276066368,13059.979210401903,7.3540074825286865,0.5,300,laplace,"(400, 2000)",999
split,linear,0.96,6.768483502032,0.5828829722089724,6886.181690633474,3.3665084838867188,1.0,300,laplace,"(400, 2000)",999
split,linear,0.9066666666666666,6.778904828874408,0.6260832831409952,7493.85226468623,3.800536394119263,1.5,300,laplace,"(400, 2000)",999
split,linear,0.8566666666666667,8.433129005847237,0.6642227256726778,7577.731261511417,3.1053264141082764,2.0,300,laplace,"(400, 2000)",999
split_resid_norm,linear,0.9833333333333332,10.473799763374997,0.177609978388419,5463.479959327918,7.175230503082275,0.5,300,laplace,"(400, 2000)",[[0.91666667 1.         1.         1.         1.        ]]
split_resid_norm,linear,0.8833333333333333,4.957905126137991,0.6944636783457245,9702.764120427348,3.36456036567688,1.0,300,laplace,"(400, 2000)",[[0.76666667 0.91666667 0.91666667 0.9        0.91666667]]
split_resid_norm,linear,0.95,8.52168163987504,0.5299523971103554,5648.263413176361,3.01662278175354,1.5,300,laplace,"(400, 2000)",[[0.91666667 0.96666667 0.91666667 0.95       1.        ]]
split_resid_norm,linear,0.91,18.157454854460585,0.2770372323230234,3805.8981510382,2.402416229248047,2.0,300,laplace,"(400, 2000)",[[0.7  0.9  0.95 1.   1.  ]]
jackknife_plus,linear,0.8966666666666666,2.2654379078492948,0.8221208278223249,13927.976541705912,16.462570428848267,0.5,300,laplace,"(400, 2000)",[[0.9        0.88333333 0.91666667 0.9        0.88333333]]
jackknife_plus,linear,0.9166666666666666,4.848308453232989,0.7012176869460279,9070.176825353252,12.877036571502686,1.0,300,laplace,"(400, 2000)",[[0.9        0.88333333 0.91666667 0.98333333 0.9       ]]
jackknife_plus,linear,0.8833333333333333,6.265411235822531,0.6544068524139838,8537.567631778913,14.286561489105225,1.5,300,laplace,"(400, 2000)",[[0.83333333 0.93333333 0.83333333 0.86666667 0.95      ]]
jackknife_plus,linear,0.8766666666666667,9.168468661957558,0.6349451200494547,5576.208376725111,10.820239782333374,2.0,300,laplace,"(400, 2000)",[[0.9        0.9        0.85       0.85       0.88333333]]
jackknife_plus_ab,linear,0.8966666666666666,2.170710602150434,0.8295586894425562,14195.597564418924,168.18760895729065,0.5,300,laplace,"(400, 2000)",[[0.93333333 0.9        0.9        0.88333333 0.86666667]]
jackknife_plus_ab,linear,0.9166666666666666,4.849861694017895,0.7011219668722198,9076.883733303865,115.45053195953368,1.0,300,laplace,"(400, 2000)",[[0.88333333 0.96666667 0.91666667 0.91666667 0.9       ]]
jackknife_plus_ab,linear,0.8833333333333333,6.261723921152341,0.6546102404456378,8395.418505252492,116.4868824481964,1.5,300,laplace,"(400, 2000)",[[0.88333333 0.93333333 0.9        0.91666667 0.78333333]]
jackknife_plus_ab,linear,0.8833333333333333,8.923471607363664,0.6447001638312141,6463.016457905562,117.73610830307008,2.0,300,laplace,"(400, 2000)",[[0.91666667 0.86666667 0.86666667 0.86666667 0.9       ]]
cqr,linear,0.8433333333333334,2.582913802194152,0.7971904932886422,13337.39756185738,0.0659680366516113,0.5,300,laplace,"(400, 2000)",[[0.76666667 0.78333333 0.78333333 0.93333333 0.95      ]]
cqr,linear,0.9033333333333332,5.2533375675666685,0.6762575281663591,7934.845923704851,0.0631728172302246,1.0,300,laplace,"(400, 2000)",[[0.81666667 0.95       0.86666667 0.91666667 0.96666667]]
cqr,linear,0.8933333333333333,7.148768653274668,0.6056820156859345,7376.62503783219,0.0667793750762939,1.5,300,laplace,"(400, 2000)",[[0.76666667 0.93333333 0.91666667 0.95       0.9       ]]
cqr,linear,0.9166666666666666,10.427075425400531,0.5848322339436193,5115.946752118325,0.0619969367980957,2.0,300,laplace,"(400, 2000)",[[0.85       0.93333333 0.9        0.95       0.95      ]]
split,cube,0.8866666666666667,2.391719453564733,0.7417303535448972,2120.4079153835623,5.365502119064331,0.5,300,laplace,"(400, 2000)",999
split,cube,0.9033333333333332,5.329155616351662,0.6607614724611388,1035.5875115880192,3.375823974609375,1.0,300,laplace,"(400, 2000)",999
split,cube,0.98,11.307751494753775,0.2714945042954159,319.5555515938464,5.702201843261719,1.5,300,laplace,"(400, 2000)",999
split,cube,0.9866666666666668,17.468492839414555,0.3950791766455757,496.54740938696455,3.7030224800109854,2.0,300,laplace,"(400, 2000)",999
split_resid_norm,cube,0.9766666666666668,5.481833475430741,0.4080425256650072,406.7964822064248,4.789566993713379,0.5,300,laplace,"(400, 2000)",[[0.9        0.98333333 1.         1.         1.        ]]
split_resid_norm,cube,0.9533333333333334,8.500744571239046,0.4588660620460936,345.6980497107971,2.9312903881073,1.0,300,laplace,"(400, 2000)",[[0.85       0.96666667 0.95       1.         1.        ]]
split_resid_norm,cube,0.9,7.1095770130780735,0.5419643264025717,1599.895753855881,5.740532159805298,1.5,300,laplace,"(400, 2000)",[[0.9        0.9        0.91666667 0.9        0.88333333]]
split_resid_norm,cube,0.9566666666666668,31.06781142984656,-0.0758495191604167,699.7127335573671,3.183688163757324,2.0,300,laplace,"(400, 2000)",[[0.83333333 0.96666667 0.98333333 1.         1.        ]]
jackknife_plus,cube,0.94,2.970792107238699,0.6791983133843502,1515.0444591650455,16.792495727539062,0.5,300,laplace,"(400, 2000)",[[0.91666667 0.95       0.96666667 0.91666667 0.95      ]]
jackknife_plus,cube,0.8966666666666666,5.1738787401111495,0.67064594589812,1175.8705499825942,13.637317419052124,1.0,300,laplace,"(400, 2000)",[[0.9        0.95       0.9        0.86666667 0.86666667]]
jackknife_plus,cube,0.9,7.1287705494959,0.5407277796480061,1359.0278975226518,13.551512479782104,1.5,300,laplace,"(400, 2000)",[[0.91666667 0.88333333 0.85       0.98333333 0.86666667]]
jackknife_plus,cube,0.9033333333333332,10.60894577924386,0.6326219488140283,1586.499072459561,7.8373870849609375,2.0,300,laplace,"(400, 2000)",[[0.95       0.88333333 0.91666667 0.88333333 0.88333333]]
jackknife_plus_ab,cube,0.9333333333333332,2.8831021294846506,0.6886678257755118,1638.348105893259,173.44090366363525,0.5,300,laplace,"(400, 2000)",[[0.95       0.95       0.9        0.91666667 0.95      ]]
jackknife_plus_ab,cube,0.8833333333333333,4.71252147883655,0.7000144180030451,1406.2906016174477,124.18687772750854,1.0,300,laplace,"(400, 2000)",[[0.91666667 0.85       0.88333333 0.91666667 0.85      ]]
jackknife_plus_ab,cube,0.8933333333333333,6.851878860276452,0.5585665476443765,1588.5821880470228,123.3566722869873,1.5,300,laplace,"(400, 2000)",[[0.86666667 0.93333333 0.95       0.88333333 0.83333333]]
jackknife_plus_ab,cube,0.9,10.047942014294316,0.6520490007371993,1808.4730397163607,121.65588617324828,2.0,300,laplace,"(400, 2000)",[[0.9        0.85       0.91666667 0.95       0.88333333]]
cqr,cube,0.84,2.575153939327294,0.7219197373690477,2148.8947381623248,0.0880002975463867,0.5,300,laplace,"(400, 2000)",[[0.73333333 0.76666667 0.9        0.93333333 0.86666667]]
cqr,cube,0.9066666666666666,5.560818959053901,0.6460144376391659,1168.235190760488,0.0930001735687255,1.0,300,laplace,"(400, 2000)",[[0.9        0.88333333 0.9        0.88333333 0.96666667]]
cqr,cube,0.9266666666666666,8.593264602626355,0.4463771909110495,1071.7690203910113,0.0882391929626464,1.5,300,laplace,"(400, 2000)",[[0.91666667 0.9        0.93333333 0.93333333 0.95      ]]
cqr,cube,0.89,10.422641690355505,0.6390734313458979,2010.133873186321,0.0880000591278076,2.0,300,laplace,"(400, 2000)",[[0.83333333 0.85       0.9        0.91666667 0.95      ]]
split,nmm,0.84,2.424451316497665,0.8455377437222571,18819.34932777721,25.442904949188232,0.5,300,laplace,"(400, 2000)",999
split,nmm,0.9066666666666666,5.38108831411229,0.7371359072294247,14149.875253015987,20.6767418384552,1.0,300,laplace,"(400, 2000)",999
split,nmm,0.8266666666666667,6.772775420751773,0.6880883934650915,11506.874103760583,14.163086414337158,1.5,300,laplace,"(400, 2000)",999
split,nmm,0.8933333333333333,10.053635834663886,0.6239452785590859,7389.864086604958,8.852823734283447,2.0,300,laplace,"(400, 2000)",999
split_resid_norm,nmm,0.8633333333333333,6.6215071405920085,0.5781500519475858,9242.23148242244,13.73413109779358,0.5,300,laplace,"(400, 2000)",[[1.         0.55       0.8        0.98333333 0.98333333]]
split_resid_norm,nmm,0.9533333333333334,7.375014261139161,0.6397316174682953,10825.213479760308,15.863569021224976,1.0,300,laplace,"(400, 2000)",[[0.95       0.93333333 0.96666667 0.91666667 1.        ]]
split_resid_norm,nmm,0.9733333333333334,17.041121463720774,0.2152008560796211,3781.614916396517,23.40920376777649,1.5,300,laplace,"(400, 2000)",[[0.86666667 1.         1.         1.         1.        ]]
split_resid_norm,nmm,0.94,13.862014451703468,0.4814927226550405,4733.4684816934605,10.448580980300903,2.0,300,laplace,"(400, 2000)",[[0.86666667 0.93333333 0.96666667 0.95       0.98333333]]
jackknife_plus,nmm,0.89,2.9509249110067897,0.8119996342340509,17350.074093441475,68.90926027297974,0.5,300,laplace,"(400, 2000)",[[0.81666667 0.88333333 0.88333333 0.91666667 0.95      ]]
jackknife_plus,nmm,0.91,5.907976485617395,0.7113975876992265,12454.459232617724,57.07320761680603,1.0,300,laplace,"(400, 2000)",[[0.95       0.9        0.85       0.96666667 0.88333333]]
jackknife_plus,nmm,0.9233333333333332,10.167439220607402,0.5317567109676617,7121.380728250031,41.9716637134552,1.5,300,laplace,"(400, 2000)",[[0.95       0.95       0.98333333 0.9        0.83333333]]
jackknife_plus,nmm,0.9133333333333332,10.743922368588075,0.5981251389005015,6523.386477741976,30.16521787643433,2.0,300,laplace,"(400, 2000)",[[0.85       0.91666667 0.95       0.9        0.95      ]]
jackknife_plus_ab,nmm,0.8433333333333334,2.418387822946149,0.8459243700211634,18393.736936025867,586.6208848953247,0.5,300,laplace,"(400, 2000)",[[0.86666667 0.85       0.85       0.8        0.85      ]]
jackknife_plus_ab,nmm,0.8933333333333333,5.12093721755916,0.7498441860058751,13614.46928431938,497.6315679550171,1.0,300,laplace,"(400, 2000)",[[0.96666667 0.91666667 0.85       0.86666667 0.86666667]]
jackknife_plus_ab,nmm,0.8966666666666666,8.111093359287036,0.6264582780081183,10013.233848453156,484.4095978736877,1.5,300,laplace,"(400, 2000)",[[0.9        0.9        0.9        0.91666667 0.86666667]]
jackknife_plus_ab,nmm,0.9,9.41593966526096,0.6477982328937176,8099.883800111413,383.9809789657593,2.0,300,laplace,"(400, 2000)",[[0.86666667 0.95       0.9        0.83333333 0.95      ]]
cqr,nmm,0.8833333333333333,2.861592039363904,0.8176907904474722,17096.904283936063,0.0646944046020507,0.5,300,laplace,"(400, 2000)",[[0.8        0.86666667 0.91666667 0.9        0.93333333]]
cqr,nmm,0.9133333333333332,5.413446241198738,0.7355551371402095,13929.39409745046,0.064997911453247,1.0,300,laplace,"(400, 2000)",[[0.83333333 0.85       0.96666667 0.95       0.96666667]]
cqr,nmm,0.9133333333333332,8.050802242179744,0.6292347713126843,11292.303151179362,0.0689673423767089,1.5,300,laplace,"(400, 2000)",[[0.81666667 0.93333333 0.91666667 0.95       0.95      ]]
cqr,nmm,0.8866666666666667,9.762124204330195,0.6348491408814325,9611.522484622932,0.0629677772521972,2.0,300,laplace,"(400, 2000)",[[0.76666667 0.85       0.95       0.9        0.96666667]]
split,sinex_het,0.9633333333333334,8.834445101009946,0.4004138164978683,2212.019794732212,32.83132362365723,0.5,300,laplace,"(400, 2000, 2000, 2000)",999
split,sinex_het,0.89,6.898087840662217,0.6238613341968802,5065.700629778067,45.975682497024536,1.0,300,laplace,"(400, 2000, 2000, 2000)",999
split,sinex_het,0.9466666666666668,10.03742561822982,0.488973361442688,2095.991564466605,33.63839149475098,1.5,300,laplace,"(400, 2000, 2000, 2000)",999
split,sinex_het,0.9033333333333332,10.95249990299462,0.6207809055246682,2370.2423680113084,43.75907611846924,2.0,300,laplace,"(400, 2000, 2000, 2000)",999
split_resid_norm,sinex_het,0.8266666666666667,8.910911822530549,0.3952235805167791,4826.538373475557,40.495832443237305,0.5,300,laplace,"(400, 2000, 2000, 2000)",[[0.28333333 0.85       1.         1.         1.        ]]
split_resid_norm,sinex_het,0.97,14.28062513060933,0.2213056723959063,2588.942707021476,41.33549189567566,1.0,300,laplace,"(400, 2000, 2000, 2000)",[[0.86666667 0.98333333 1.         1.         1.        ]]
split_resid_norm,sinex_het,0.94,9.706349166597253,0.5058293865944637,2668.627858169884,31.12125849723816,1.5,300,laplace,"(400, 2000, 2000, 2000)",[[0.86666667 0.91666667 0.98333333 0.96666667 0.96666667]]
split_resid_norm,sinex_het,0.9466666666666668,21.52645867738196,0.2546678689713432,1400.6397658362375,46.30550742149353,2.0,300,laplace,"(400, 2000, 2000, 2000)",[[0.78333333 0.95       1.         1.         1.        ]]
jackknife_plus,sinex_het,0.9166666666666666,6.863794089070524,0.534161303624247,2393.175766419536,124.06249642372131,0.5,300,laplace,"(400, 2000, 2000, 2000)",[[0.88333333 0.93333333 0.98333333 0.96666667 0.81666667]]
jackknife_plus,sinex_het,0.8733333333333333,7.162576097591,0.6094389601969297,3800.0177846311103,145.46745443344116,1.0,300,laplace,"(400, 2000, 2000, 2000)",[[0.91666667 0.93333333 0.91666667 0.83333333 0.76666667]]
jackknife_plus,sinex_het,0.9166666666666666,8.977917466551519,0.542915971480239,2722.5829648845106,124.31271767616272,1.5,300,laplace,"(400, 2000, 2000, 2000)",[[0.86666667 0.91666667 0.88333333 0.96666667 0.95      ]]
jackknife_plus,sinex_het,0.8833333333333333,10.138402585895966,0.6489680176610967,2997.9616626010056,142.45252966880798,2.0,300,laplace,"(400, 2000, 2000, 2000)",[[0.96666667 0.9        0.83333333 0.9        0.81666667]]
jackknife_plus_ab,sinex_het,0.8533333333333334,4.839561338557716,0.6715425556550609,6084.101307440413,1256.3139941692352,0.5,300,laplace,"(400, 2000, 2000, 2000)",[[1.         0.93333333 0.88333333 0.71666667 0.73333333]]
jackknife_plus_ab,sinex_het,0.8366666666666667,6.123631272330155,0.6660882554919061,5399.237773021083,1177.0480499267578,1.0,300,laplace,"(400, 2000, 2000, 2000)",[[0.81666667 0.81666667 0.81666667 0.83333333 0.9       ]]
jackknife_plus_ab,sinex_het,0.9133333333333332,8.11283126101193,0.5869593006803113,3370.816346772728,1159.25315117836,1.5,300,laplace,"(400, 2000, 2000, 2000)",[[0.96666667 0.93333333 0.86666667 0.91666667 0.88333333]]
jackknife_plus_ab,sinex_het,0.89,9.807296303957225,0.6604323476585343,3458.220558957276,1298.908972740173,2.0,300,laplace,"(400, 2000, 2000, 2000)",[[0.86666667 0.91666667 0.88333333 0.88333333 0.9       ]]
cqr,sinex_het,0.8833333333333333,5.297324341808218,0.640475942492605,4892.396127053903,0.0865149497985839,0.5,300,laplace,"(400, 2000, 2000, 2000)",[[0.83333333 0.9        0.96666667 0.86666667 0.85      ]]
cqr,sinex_het,0.8966666666666666,7.24599147742137,0.6048909170183733,4220.374027162047,0.0699880123138427,1.0,300,laplace,"(400, 2000, 2000, 2000)",[[0.95       0.88333333 0.91666667 0.81666667 0.91666667]]
cqr,sinex_het,0.9333333333333332,9.947481797670129,0.4935530991580272,2549.94406207647,0.0666353702545166,1.5,300,laplace,"(400, 2000, 2000, 2000)",[[0.88333333 0.91666667 0.96666667 0.93333333 0.96666667]]
cqr,sinex_het,0.8966666666666666,11.66249847724241,0.5961979326051675,2930.0611044224843,0.0659716129302978,2.0,300,laplace,"(400, 2000, 2000, 2000)",[[0.78333333 0.9        0.91666667 0.95       0.93333333]]
split,sinex_het,0.8833333333333333,5.844636800546014,0.5841627504459413,4411.1097203490735,5.550112009048462,0.5,500,laplace,"(200, 1000)",999
split,sinex_het,0.9333333333333332,7.896006839209437,0.5411793571373297,3832.536452923572,4.034737348556519,1.0,500,laplace,"(200, 1000)",999
split,sinex_het,0.8666666666666667,7.454535049329814,0.6098295771226458,4780.372673371816,3.626103401184082,1.5,500,laplace,"(200, 1000)",999
split,sinex_het,0.9033333333333332,10.641549671967397,0.6716033671911511,2317.4284170856163,2.150830268859864,2.0,500,laplace,"(200, 1000)",999
split,sinex_con,0.9066666666666666,2.48939646942663,0.7630711309909436,8563.588905907733,4.039173364639282,0.5,500,laplace,"(200, 1000)",999
split,sinex_con,0.9233333333333332,5.300664338670217,0.6370187444151815,5058.1500687536445,5.370626211166382,1.0,500,laplace,"(200, 1000)",999
split,sinex_con,0.93,8.6349434435282,0.4680773510733464,2288.542699774481,4.734888792037964,1.5,500,laplace,"(200, 1000)",999
split,sinex_con,0.8933333333333333,9.952599860233244,0.5961695947994967,2325.2097201305824,3.449573516845703,2.0,500,laplace,"(200, 1000)",999
split,linear,0.8733333333333333,1.8492738085041447,0.8403063165029493,15144.17172477237,2.2212119102478027,0.5,500,laplace,"(200, 1000)",999
split,linear,0.8866666666666667,3.6414217635601625,0.7730947194755204,11595.044429958876,1.595402479171753,1.0,500,laplace,"(200, 1000)",999
split,linear,0.9,7.868688476993611,0.6580563350861844,5949.997308669629,1.531813383102417,1.5,500,laplace,"(200, 1000)",999
split,linear,0.9833333333333332,15.690565352572218,0.3301385971844477,1083.2998627295794,1.226381778717041,2.0,500,laplace,"(200, 1000)",999
split,cube,0.94,2.7596281593932948,0.7354976627221671,1814.57027004213,2.238876342773437,0.5,500,laplace,"(200, 1000)",999
split,cube,0.9333333333333332,5.327780470015611,0.6395037716142915,1190.208507946254,2.393249273300171,1.0,500,laplace,"(200, 1000)",999
split,cube,0.9,6.952208543156018,0.5798899834234563,1495.6917050414,3.4199838638305664,1.5,500,laplace,"(200, 1000)",999
split,cube,0.95,13.115521166371009,0.5450024265028635,837.1485967260899,1.2774946689605713,2.0,500,laplace,"(200, 1000)",999
split,nmm,0.7766666666666666,2.489317392495415,0.8335172081751412,17910.96768394281,13.030388832092283,0.5,500,laplace,"(200, 1000)",999
split,nmm,0.9233333333333332,7.3082506355381,0.6113684149951758,9284.987732878184,8.504967451095581,1.0,500,laplace,"(200, 1000)",999
split,nmm,0.8533333333333334,8.749284891614366,0.6272522875330334,8285.322138794207,9.069763898849487,1.5,500,laplace,"(200, 1000)",999
split,nmm,0.94,13.165293127514843,0.5613185598045796,3603.2293537355504,6.355121850967407,2.0,500,laplace,"(200, 1000)",999
split,sinex_het,0.9066666666666666,6.315014977262155,0.5339299426354005,3528.6201467246747,15.554617881774902,0.5,500,laplace,"(200, 1000, 1000, 1000)",999
split,sinex_het,0.8766666666666667,5.683915247877722,0.6835052854519335,5946.807958008906,24.473896980285645,1.0,500,laplace,"(200, 1000, 1000, 1000)",999
split,sinex_het,0.9333333333333332,9.67671483557771,0.581118287854342,2404.9248027854114,15.60979151725769,1.5,500,laplace,"(200, 1000, 1000, 1000)",999
split,sinex_het,0.88,10.46806291376413,0.5520547310945637,2262.200970612089,13.13387131690979,2.0,500,laplace,"(200, 1000, 1000, 1000)",999
split,sinex_con,0.9466666666666668,2.9849296833571746,0.677621562428314,7580.999721380388,25.429664134979248,0.5,500,laplace,"(200, 1000, 1000, 1000)",999
split,sinex_con,0.8833333333333333,4.261840755112829,0.6515824760915032,6616.750814262042,24.862576484680176,1.0,500,laplace,"(200, 1000, 1000, 1000)",999
split,sinex_con,0.8733333333333333,7.430304028792721,0.6233915899411433,3068.1121752603544,28.291391849517822,1.5,500,laplace,"(200, 1000, 1000, 1000)",999
split,sinex_con,0.9166666666666666,9.891007316406656,0.5774961541015775,2992.2487488967668,19.43216180801392,2.0,500,laplace,"(200, 1000, 1000, 1000)",999
split,linear,0.95,2.769860028412595,0.7696096971306396,13059.643111537309,23.83508372306824,0.5,500,laplace,"(200, 1000, 1000, 1000)",999
split,linear,0.9133333333333332,4.905327582644486,0.6821484716997396,9775.20072042204,17.27966594696045,1.0,500,laplace,"(200, 1000, 1000, 1000)",999
split,linear,0.86,5.835094550495719,0.7210787935127901,9268.159434666652,12.186911821365356,1.5,500,laplace,"(200, 1000, 1000, 1000)",999
split,linear,0.87,6.9973085279703975,0.7169525088632975,8289.86539027282,13.011248350143433,2.0,500,laplace,"(200, 1000, 1000, 1000)",999
split,cube,0.8966666666666666,2.2982308932626245,0.7344145558965502,2235.61886621819,18.04236459732056,0.5,500,laplace,"(200, 1000, 1000, 1000)",999
split,cube,0.9033333333333332,5.569047939954223,0.5914416265243962,1783.3991809806255,18.05457711219788,1.0,500,laplace,"(200, 1000, 1000, 1000)",999
split,cube,0.9466666666666668,7.803920167943409,0.5114728214486054,874.0438077370952,21.58287668228149,1.5,500,laplace,"(200, 1000, 1000, 1000)",999
split,cube,0.88,7.5922086802222415,0.7227120272977192,1843.007998988348,19.985851049423218,2.0,500,laplace,"(200, 1000, 1000, 1000)",999
split,nmm,0.9533333333333334,3.63326092145061,0.7557076723066638,16708.16390453447,25.30497694015503,0.5,500,laplace,"(200, 1000, 1000, 1000)",999
split,nmm,0.9433333333333334,5.661323454496704,0.7117654337407531,13503.592168485526,22.356435537338257,1.0,500,laplace,"(200, 1000, 1000, 1000)",999
split,nmm,0.96,9.181996048224327,0.5355584405781921,8363.137777258951,26.168415307998657,1.5,500,laplace,"(200, 1000, 1000, 1000)",999
split,nmm,0.9666666666666668,13.617875435663692,0.4519400633646368,5525.16661200588,19.19044661521912,2.0,500,laplace,"(200, 1000, 1000, 1000)",999
split,sinex_het,0.9033333333333332,6.36616020156568,0.5625718612337448,3529.4527794680257,9.43714475631714,0.5,500,laplace,"(400, 2000)",999
split,sinex_het,0.8833333333333333,6.8037976875652575,0.6294198368964496,4389.813550938228,9.907909870147703,1.0,500,laplace,"(400, 2000)",999
split,sinex_het,0.91,9.374825631164429,0.6562956615782425,3027.9257866996018,7.804718732833862,1.5,500,laplace,"(400, 2000)",999
split,sinex_het,0.9,11.480265184946704,0.630383099239249,2811.522812330689,9.44183611869812,2.0,500,laplace,"(400, 2000)",999
split,sinex_con,0.92,3.217171679824088,0.695131776988492,7656.671108138102,9.2703275680542,0.5,500,laplace,"(400, 2000)",999
split,sinex_con,0.79,3.767302468370758,0.7940442860860161,8064.938114426423,12.031058311462402,1.0,500,laplace,"(400, 2000)",999
split,sinex_con,0.9466666666666668,7.910701357906449,0.5195648115053056,2827.802451934636,10.0306396484375,1.5,500,laplace,"(400, 2000)",999
split,sinex_con,0.8933333333333333,8.742666427856426,0.5561913025530263,3396.745477358585,9.610470294952393,2.0,500,laplace,"(400, 2000)",999
split,linear,0.9666666666666668,3.47545916990494,0.7355126125730724,11095.226069746828,4.424100637435913,0.5,500,laplace,"(400, 2000)",999
split,linear,0.91,5.132789224217441,0.6988498849855361,9040.425981434362,7.272032022476196,1.0,500,laplace,"(400, 2000)",999
split,linear,0.8566666666666667,6.092236909143285,0.7153471937759465,9272.3906708073,6.024908542633057,1.5,500,laplace,"(400, 2000)",999
split,linear,0.87,8.015109058631154,0.7025175036879984,7118.78132998161,4.203404664993286,2.0,500,laplace,"(400, 2000)",999
split,cube,0.9333333333333332,2.9299505559544587,0.6994108564635239,2115.5204123087183,5.649628639221191,0.5,500,laplace,"(400, 2000)",999
split,cube,0.89,4.546899365832047,0.7574918805068275,1996.001074532901,7.367577791213989,1.0,500,laplace,"(400, 2000)",999
split,cube,0.98,10.37279314143003,0.3303305321130416,559.4144496226354,7.409189462661743,1.5,500,laplace,"(400, 2000)",999
split,cube,0.8666666666666667,9.79392528297082,0.5598479014526028,1656.0161625258816,4.012507438659668,2.0,500,laplace,"(400, 2000)",999
split,nmm,0.8233333333333334,2.445341789830639,0.8474211794281457,18576.28069142607,26.295283555984497,0.5,500,laplace,"(400, 2000)",999
split,nmm,0.8966666666666666,5.163374781143594,0.7281906803813014,13428.601032360615,18.34495186805725,1.0,500,laplace,"(400, 2000)",999
split,nmm,0.9733333333333334,13.55371999844853,0.4530228573106155,4194.450973908797,17.125070571899414,1.5,500,laplace,"(400, 2000)",999
split,nmm,0.8933333333333333,11.159150099604789,0.6562953539675433,7373.678546517297,14.152693271636965,2.0,500,laplace,"(400, 2000)",999
split,sinex_het,0.8933333333333333,5.60408296283905,0.5892597225027805,4407.919007627758,53.82444977760315,0.5,500,laplace,"(400, 2000, 2000, 2000)",999
split,sinex_het,0.9433333333333334,8.750086044164988,0.4808110844762985,1801.4700424685784,83.66632676124573,1.0,500,laplace,"(400, 2000, 2000, 2000)",999
split,sinex_het,0.9533333333333334,10.910825605692509,0.5244638865077261,1964.3259388694576,57.538116216659546,1.5,500,laplace,"(400, 2000, 2000, 2000)",999
split,sinex_het,0.9566666666666668,12.051687838774171,0.4080236132035766,1874.9029748915857,85.68660187721252,2.0,500,laplace,"(400, 2000, 2000, 2000)",999
split,sinex_con,0.8733333333333333,2.458858617026302,0.7801581258111618,8678.98443788832,95.90509510040285,0.5,500,laplace,"(400, 2000, 2000, 2000)",999
split,sinex_con,0.89,4.322830785289157,0.7111906549358087,6845.070027918651,60.990827560424805,1.0,500,laplace,"(400, 2000, 2000, 2000)",999
split,sinex_con,0.9433333333333334,7.200557659252266,0.5410207254522239,4194.025558471321,59.51099109649658,1.5,500,laplace,"(400, 2000, 2000, 2000)",999
split,sinex_con,0.89,8.747016776047161,0.6610580695077329,3239.9572229671235,77.80013132095337,2.0,500,laplace,"(400, 2000, 2000, 2000)",999
split,linear,0.8466666666666667,1.835254131929176,0.8417488145789451,15308.081538015676,56.54424142837525,0.5,500,laplace,"(400, 2000, 2000, 2000)",999
split,linear,0.9233333333333332,5.945033229321486,0.6802719637425838,7581.65384535932,45.061283826828,1.0,500,laplace,"(400, 2000, 2000, 2000)",999
split,linear,0.86,6.603225523944019,0.7211896087063087,8041.222908198831,70.56187438964844,1.5,500,laplace,"(400, 2000, 2000, 2000)",999
split,linear,0.92,10.672691215844054,0.4332175082526324,3273.867307943535,48.7198326587677,2.0,500,laplace,"(400, 2000, 2000, 2000)",999
split,cube,0.92,2.792795762416353,0.7962018292928017,1849.473949815088,52.7986946105957,0.5,500,laplace,"(400, 2000, 2000, 2000)",999
split,cube,0.94,5.783838901416596,0.573685016290339,1167.3788281623213,41.46192407608032,1.0,500,laplace,"(400, 2000, 2000, 2000)",999
split,cube,0.8666666666666667,6.584046529002274,0.6094365717749086,1751.066320080275,44.03652739524841,1.5,500,laplace,"(400, 2000, 2000, 2000)",999
split,cube,0.9333333333333332,12.045307028592845,0.4960534790739411,952.4400793597983,33.98000121116638,2.0,500,laplace,"(400, 2000, 2000, 2000)",999
split,nmm,0.9033333333333332,2.781600652484879,0.8283390696720649,17143.068784164436,93.3096525669098,0.5,500,laplace,"(400, 2000, 2000, 2000)",999
split,nmm,0.9533333333333334,5.648770948483162,0.7333346215146952,12385.495276864362,72.31774806976318,1.0,500,laplace,"(400, 2000, 2000, 2000)",999
split,nmm,0.9566666666666668,9.508352570307547,0.6191949690069085,9157.327714336598,69.377516746521,1.5,500,laplace,"(400, 2000, 2000, 2000)",999
split,nmm,0.85,8.332852517666156,0.7290208469046107,13024.238912904728,101.5394024848938,2.0,500,laplace,"(400, 2000, 2000, 2000)",999
split,sinex_het,0.9066666666666666,5.811420307882956,0.6493272312053782,5057.228634862944,5.6842968463897705,0.5,1000,laplace,"(200, 1000)",999
split,sinex_het,0.9166666666666666,7.347418161098232,0.5604128538737191,3538.9547077770067,5.484901905059815,1.0,1000,laplace,"(200, 1000)",999
split,sinex_het,0.8966666666666666,8.760423585548693,0.6276105196124275,3578.5538328167727,5.458053827285767,1.5,1000,laplace,"(200, 1000)",999
split,sinex_het,0.9066666666666666,11.326000889308505,0.4925437086762492,3547.28727604046,10.272480249404907,2.0,1000,laplace,"(200, 1000)",999
split,sinex_con,0.9333333333333332,2.736253113535673,0.7154213769290758,8126.395530673953,6.90980863571167,0.5,1000,laplace,"(200, 1000)",999
split,sinex_con,0.9333333333333332,5.521408140859224,0.644254962234095,5162.588977284751,8.277839660644531,1.0,1000,laplace,"(200, 1000)",999
split,sinex_con,0.92,8.123769037924164,0.5266172344868532,3714.080959235621,5.279146909713745,1.5,1000,laplace,"(200, 1000)",999
split,sinex_con,0.94,10.62416580547544,0.5176916510813172,2249.204065923326,6.298669815063477,2.0,1000,laplace,"(200, 1000)",999
split,linear,0.9233333333333332,2.5545090484245763,0.808717692561923,13624.09115491691,3.254116535186768,0.5,1000,laplace,"(200, 1000)",999
split,linear,0.9433333333333334,5.651156675743287,0.5881677191290801,8137.233788130558,2.3510642051696777,1.0,1000,laplace,"(200, 1000)",999
split,linear,0.8566666666666667,5.587884435602206,0.6694815984521383,9420.706901439737,3.438535451889038,1.5,1000,laplace,"(200, 1000)",999
split,linear,0.8833333333333333,8.056233463480709,0.7202793672980187,6685.590481002339,2.1142737865448,2.0,1000,laplace,"(200, 1000)",999
split,cube,0.9366666666666666,2.725196937157236,0.6348932886952542,1398.628201815275,7.875004529953003,0.5,1000,laplace,"(200, 1000)",999
split,cube,0.8666666666666667,4.381339118447622,0.6616339912800646,1757.0764547909412,4.226432085037232,1.0,1000,laplace,"(200, 1000)",999
split,cube,0.9066666666666666,6.678374375004603,0.5868841685634567,1206.7487578901312,5.346714019775391,1.5,1000,laplace,"(200, 1000)",999
split,cube,0.8533333333333334,8.298918630105279,0.6025037997596705,2022.2397725843184,6.278080463409424,2.0,1000,laplace,"(200, 1000)",999
split,nmm,0.9266666666666666,2.930020086405935,0.8043343461484906,17029.704073791112,14.39409565925598,0.5,1000,laplace,"(200, 1000)",999
split,nmm,0.9366666666666666,5.687723852667449,0.6966307658467503,13006.452019388576,13.991068840026855,1.0,1000,laplace,"(200, 1000)",999
split,nmm,0.9066666666666666,6.626595765059954,0.7169254424133699,11815.510184761186,14.662737131118774,1.5,1000,laplace,"(200, 1000)",999
split,nmm,0.87,9.286168756013284,0.6659191476672727,8879.751958229657,9.307944059371948,2.0,1000,laplace,"(200, 1000)",999
split,sinex_het,0.9266666666666666,5.702157074339241,0.5801587186185937,3732.239814577206,35.63937187194824,0.5,1000,laplace,"(200, 1000, 1000, 1000)",999
split,sinex_het,0.9266666666666666,7.515389725403956,0.5707541850253484,3552.533886262066,35.19798994064331,1.0,1000,laplace,"(200, 1000, 1000, 1000)",999
split,sinex_het,0.8766666666666667,8.410514778113702,0.6841551978544066,4069.285584199434,43.43464732170105,1.5,1000,laplace,"(200, 1000, 1000, 1000)",999
split,sinex_het,0.88,10.774692086415223,0.5920703118440577,2964.6763241027634,32.135093212127686,2.0,1000,laplace,"(200, 1000, 1000, 1000)",999
split,sinex_con,0.8833333333333333,2.29401694209039,0.764853032152863,9384.32425003973,28.81026673316956,0.5,1000,laplace,"(200, 1000, 1000, 1000)",999
split,sinex_con,0.9066666666666666,5.317998756113757,0.7133175022883648,5518.54530328762,35.57923126220703,1.0,1000,laplace,"(200, 1000, 1000, 1000)",999
split,sinex_con,0.8166666666666667,5.821565897837055,0.642564438408428,4975.386488074197,24.38161778450012,1.5,1000,laplace,"(200, 1000, 1000, 1000)",999
split,sinex_con,0.86,8.870241107335262,0.5959106254679811,4170.535365788726,42.93362879753113,2.0,1000,laplace,"(200, 1000, 1000, 1000)",999
split,linear,0.9533333333333334,3.3257403744995315,0.7542169121106841,11861.85624015574,23.190279006958008,0.5,1000,laplace,"(200, 1000, 1000, 1000)",999
split,linear,0.9233333333333332,4.712637217289803,0.7432733249650627,9971.713638861096,28.544896841049194,1.0,1000,laplace,"(200, 1000, 1000, 1000)",999
split,linear,0.9633333333333334,8.435691261335933,0.4859932591314737,4649.490472671143,23.712534189224243,1.5,1000,laplace,"(200, 1000, 1000, 1000)",999
split,linear,0.9633333333333334,11.585898246647332,0.5896998475786026,3793.734678058695,42.05677938461304,2.0,1000,laplace,"(200, 1000, 1000, 1000)",999
split,cube,0.9233333333333332,2.731103472454588,0.6875759245422917,1846.907728444251,32.90487837791443,0.5,1000,laplace,"(200, 1000, 1000, 1000)",999
split,cube,0.91,4.504336978015316,0.6679640305887133,2030.7536011429656,24.724011659622192,1.0,1000,laplace,"(200, 1000, 1000, 1000)",999
split,cube,0.9366666666666666,8.724286127700534,0.4915714440555853,893.017111109943,21.713916778564453,1.5,1000,laplace,"(200, 1000, 1000, 1000)",999
split,cube,0.87,8.57942855528963,0.7112421237018346,3173.382903526523,17.755013704299927,2.0,1000,laplace,"(200, 1000, 1000, 1000)",999
split,nmm,0.87,2.586789361879924,0.8180575253828569,17902.099754889725,32.146204710006714,0.5,1000,laplace,"(200, 1000, 1000, 1000)",999
split,nmm,0.9166666666666666,4.9651084912877765,0.7489385251971795,14323.4652892441,30.07185220718384,1.0,1000,laplace,"(200, 1000, 1000, 1000)",999
split,nmm,0.9366666666666666,9.307604319409773,0.6195936928672708,9584.04011684644,28.27391791343689,1.5,1000,laplace,"(200, 1000, 1000, 1000)",999
split,nmm,0.8633333333333333,8.765130391389539,0.6726600381081898,12685.384912304457,25.74648213386536,2.0,1000,laplace,"(200, 1000, 1000, 1000)",999
split,sinex_het,0.8833333333333333,4.896140362466451,0.671035166030565,5572.608374420517,15.393764019012451,0.5,1000,laplace,"(400, 2000)",999
split,sinex_het,0.8733333333333333,5.932488115906852,0.6319485653641626,5438.49636167675,24.36182737350464,1.0,1000,laplace,"(400, 2000)",999
split,sinex_het,0.84,7.922101598652071,0.6857708477328789,4610.349404465423,22.2896695137024,1.5,1000,laplace,"(400, 2000)",999
split,sinex_het,0.9,10.225487527217387,0.6749151169516349,3212.887529139723,16.386064052581787,2.0,1000,laplace,"(400, 2000)",999
split,sinex_con,0.87,2.252561674170718,0.7570306032845495,9093.5009331563,22.710561990737915,0.5,1000,laplace,"(400, 2000)",999
split,sinex_con,0.8866666666666667,4.438813505995532,0.7170216515798112,6391.893793464262,19.830167770385746,1.0,1000,laplace,"(400, 2000)",999
split,sinex_con,0.94,8.039125798042273,0.5135240155112104,3410.251720688468,20.55694341659546,1.5,1000,laplace,"(400, 2000)",999
split,sinex_con,0.9,9.26577296726577,0.6482977270461491,2764.2196018760587,11.50029158592224,2.0,1000,laplace,"(400, 2000)",999
split,linear,0.83,1.868293416018152,0.854151331491321,15163.539346168416,14.141096591949465,0.5,1000,laplace,"(400, 2000)",999
split,linear,0.8533333333333334,4.124053974472916,0.7955739241515389,11489.255128643996,10.37979507446289,1.0,1000,laplace,"(400, 2000)",999
split,linear,0.9166666666666666,6.51544727239582,0.7297429036303876,8050.644638640179,11.207761526107788,1.5,1000,laplace,"(400, 2000)",999
split,linear,0.8366666666666667,8.365955244161977,0.6764655351621163,7093.5707111201855,6.211613178253174,2.0,1000,laplace,"(400, 2000)",999
split,cube,0.8566666666666667,2.055801814067332,0.8292288808486659,2912.8597983971085,9.273268461227415,0.5,1000,laplace,"(400, 2000)",999
split,cube,0.88,4.770286743631581,0.5446411756764739,1765.0286695870475,11.415125370025637,1.0,1000,laplace,"(400, 2000)",999
split,cube,0.8966666666666666,6.866187892291265,0.5779395287916622,1369.8623638981458,10.460522890090942,1.5,1000,laplace,"(400, 2000)",999
split,cube,0.9266666666666666,10.099991064612151,0.57416939675126,1168.7456629181986,10.156507015228271,2.0,1000,laplace,"(400, 2000)",999
split,nmm,0.9366666666666666,3.2856500272671174,0.7986762983862329,16233.661848274583,29.29371762275696,0.5,1000,laplace,"(400, 2000)",999
split,nmm,0.9,4.600910940064594,0.7982371163020745,15390.520690067802,33.602155685424805,1.0,1000,laplace,"(400, 2000)",999
split,nmm,0.9566666666666668,8.600665005487473,0.5763598644157838,9381.103536809753,34.8952260017395,1.5,1000,laplace,"(400, 2000)",999
split,nmm,0.96,12.276696646198152,0.5903723129544095,6149.111366725381,26.24618935585022,2.0,1000,laplace,"(400, 2000)",999
split,sinex_het,0.9666666666666668,7.443169613704132,0.4504144941585231,3306.564021512513,79.82807779312134,0.5,1000,laplace,"(400, 2000, 2000, 2000)",999
split,sinex_het,0.9066666666666666,7.371455020040215,0.6621635805194493,3864.16991311899,84.77917981147766,1.0,1000,laplace,"(400, 2000, 2000, 2000)",999
split,sinex_het,0.9233333333333332,9.911895415600668,0.5470214982568119,2138.0021723307414,97.83309531211852,1.5,1000,laplace,"(400, 2000, 2000, 2000)",999
split,sinex_het,0.96,12.990000934019532,0.4234129392187368,1488.3600170253749,102.57940864562988,2.0,1000,laplace,"(400, 2000, 2000, 2000)",999
split,sinex_con,0.9366666666666666,3.157612084328717,0.7106026260469763,8419.073017532113,118.61423087120056,0.5,1000,laplace,"(400, 2000, 2000, 2000)",999
split,sinex_con,0.92,5.251307683767172,0.6466446301979349,5653.835331846392,140.10728526115415,1.0,1000,laplace,"(400, 2000, 2000, 2000)",999
split,sinex_con,0.9066666666666666,7.1564891404920274,0.7245125833386894,4638.413545653089,88.12450242042542,1.5,1000,laplace,"(400, 2000, 2000, 2000)",999
split,sinex_con,0.9133333333333332,9.175799702149195,0.6213382975686575,4052.036915331601,108.66398859024048,2.0,1000,laplace,"(400, 2000, 2000, 2000)",999
split,linear,0.9066666666666666,2.436980251909539,0.8248451707196747,13743.914655656135,85.56566619873047,0.5,1000,laplace,"(400, 2000, 2000, 2000)",999
split,linear,0.8566666666666667,4.312188225291141,0.7854779342373645,11256.684463772628,114.4987907409668,1.0,1000,laplace,"(400, 2000, 2000, 2000)",999
split,linear,0.9066666666666666,6.547959877377922,0.6540767373522761,7526.408454797962,141.10628581047058,1.5,1000,laplace,"(400, 2000, 2000, 2000)",999
split,linear,0.9066666666666666,9.763174806367076,0.6110175189986138,4381.256546767319,116.81514310836792,2.0,1000,laplace,"(400, 2000, 2000, 2000)",999
split,cube,0.91,2.618750327676422,0.6801706471767216,1667.623877523243,121.69125986099245,0.5,1000,laplace,"(400, 2000, 2000, 2000)",999
split,cube,0.8966666666666666,4.592583808522236,0.6357241906019341,1679.90877641078,146.11355566978455,1.0,1000,laplace,"(400, 2000, 2000, 2000)",999
split,cube,0.88,6.6890859150611774,0.615083472073819,1272.530102903929,89.61544108390808,1.5,1000,laplace,"(400, 2000, 2000, 2000)",999
split,cube,0.8133333333333334,8.112390261372271,0.7042542532472473,2988.373664493083,117.24920916557312,2.0,1000,laplace,"(400, 2000, 2000, 2000)",999
split,nmm,0.93,2.864017947326292,0.8035193105185248,17871.919006247168,233.64507794380188,0.5,1000,laplace,"(400, 2000, 2000, 2000)",999
split,nmm,0.9366666666666666,5.000176176157865,0.7354027116558949,14836.912708781949,111.6738851070404,1.0,1000,laplace,"(400, 2000, 2000, 2000)",999
split,nmm,0.8066666666666666,5.555384154797577,0.790326971475209,14599.31939784832,108.88292360305786,1.5,1000,laplace,"(400, 2000, 2000, 2000)",999
split,nmm,0.9166666666666666,9.846903338986195,0.7099232983169379,9796.880558633286,102.7115318775177,2.0,1000,laplace,"(400, 2000, 2000, 2000)",999
