datset,strategy,data_name,coverage,mean_width,cwc,mwi,total_time,layer_size,ssc,cv_size,dataset
,split,real_datasets\yacht_hydro.csv,0.935483871,40.67176983,0.262390496,55.85832584,0.785987377,"(200, 1000)",999,50,yacht_hydro
,split_resid_norm,real_datasets\yacht_hydro.csv,0.967741935,4.25E+169,-7.72E+167,4.25E+169,0.60499692,"(200, 1000)",[[0.84615385 1.         1.         1.         1.        ]],50,yacht_hydro
,jackknife_plus_ab,real_datasets\yacht_hydro.csv,0.951612903,41.33533089,0.250356045,54.60113221,97.08648086,"(200, 1000)",[[0.92307692 0.92307692 1.         1.         0.91666667]],50,yacht_hydro
,split,real_datasets\boston.csv,0.892156863,17.94383991,0.601247965,27.7027763,5.847033501,"(200, 1000)",999,50,boston
,split_resid_norm,real_datasets\boston.csv,0.87254902,51.71001985,-0.14911144,67.67180269,5.332770586,"(200, 1000)",[[0.47619048 0.95238095 0.95       1.         1.        ]],50,boston
,jackknife_plus_ab,real_datasets\boston.csv,0.911764706,15.44740049,0.656724343,22.90465906,175.2743826,"(200, 1000)",[[1.   1.   0.85 0.9  0.8 ]],50,boston
,split,real_datasets\hour.csv,0.897295742,2.152858079,0.997794195,2.979012032,27.19192195,"(200, 1000)",999,50,hour
,split_resid_norm,real_datasets\hour.csv,0.903912543,3.05615474,0.996868679,3.703478654,24.85495353,"(200, 1000)",[[0.81321839 0.84460432 0.92230216 0.96402878 0.97553957]],50,hour
,jackknife_plus_ab,real_datasets\hour.csv,0.913981588,1.66833459,0.998290446,2.086511398,700.077662,"(200, 1000)",[[0.9683908  0.9352518  0.95251799 0.89640288 0.81726619]],50,hour
,split,real_datasets\yacht_hydro.csv,0.951612903,62.00689782,-0.124535356,65.47469596,5.10989666,"(200, 1000, 1000, 1000)",999,50,yacht_hydro
,split_resid_norm,real_datasets\yacht_hydro.csv,0.838709677,1.47E+52,-2.66E+50,1.47E+52,24.05692172,"(200, 1000, 1000, 1000)",[[0.23076923 1.         1.         1.         1.        ]],50,yacht_hydro
,jackknife_plus_ab,real_datasets\yacht_hydro.csv,0.951612903,34.39389988,0.376243106,46.94585223,569.8584137,"(200, 1000, 1000, 1000)",[[0.76923077 1.         1.         1.         1.        ]],50,yacht_hydro
,split,real_datasets\boston.csv,0.931372549,20.36809524,0.547375123,25.93893544,41.33197737,"(200, 1000, 1000, 1000)",999,50,boston
,split_resid_norm,real_datasets\boston.csv,0.921568627,42573.20933,-945.0708787,42577.94123,46.53499484,"(200, 1000, 1000, 1000)",[[0.61904762 1.         1.         1.         1.        ]],50,boston
,jackknife_plus_ab,real_datasets\boston.csv,0.911764706,15.65999661,0.651999985,24.12905643,949.349261,"(200, 1000, 1000, 1000)",[[1.         0.95238095 0.9        0.95       0.75      ]],50,boston
,split,real_datasets\yacht_hydro.csv,0.935483871,55.75201928,-0.011099356,72.488921,77.04274893,"(400, 2000, 2000, 2000)",999,50,yacht_hydro
,split_resid_norm,real_datasets\yacht_hydro.csv,0.967741935,1.81E+119,-3.28E+117,1.81E+119,78.54121494,"(400, 2000, 2000, 2000)",[[0.84615385 1.         1.         1.         1.        ]],50,yacht_hydro
,jackknife_plus_ab,real_datasets\yacht_hydro.csv,0.951612903,35.04984228,0.364347193,48.64446575,1853.078372,"(400, 2000, 2000, 2000)",[[0.76923077 1.         1.         1.         1.        ]],50,yacht_hydro
,split,real_datasets\boston.csv,0.931372549,18.53013266,0.588218695,24.97529914,136.5873659,"(400, 2000, 2000, 2000)",999,50,boston
,split_resid_norm,real_datasets\boston.csv,0.911764706,38962564.35,-865833.6435,38962572.04,152.0484219,"(400, 2000, 2000, 2000)",[[0.57142857 1.         1.         1.         1.        ]],50,boston
,jackknife_plus_ab,real_datasets\boston.csv,0.911764706,15.13428579,0.663682446,22.86214203,3582.086253,"(400, 2000, 2000, 2000)",[[1.         0.95238095 0.95       0.9        0.75      ]],50,boston
,split_gamma,real_datasets\hour.csv,0.891829689,30.52891869,0.968720306,31.43003452,1033.730389,"(400, 2000, 2000, 2000)",[[0.59195402 0.86906475 0.99856115 1.         1.        ]],50,hour
,split_gamma,real_datasets\boston.csv,0.941176471,25.56246903,0.4319444,31.36041807,114.6125786,"(400, 2000, 2000, 2000)",[[0.85714286 0.9047619  1.         1.         0.95      ]],50,boston
,split_gamma,real_datasets\boston.csv,0.931372549,34.4043276,0.235459155,39.75999487,112.9323671,"(400, 2000, 2000, 2000)",[[0.95238095 0.95238095 0.95       0.95       0.85      ]],50,boston
,split_gamma,real_datasets\boston.csv,0.960784314,26.0412426,0.421304163,30.62472599,149.1813939,"(400, 2000, 2000, 2000)",[[0.85714286 0.95238095 1.         1.         1.        ]],50,boston
,split_gamma,real_datasets\concrete.csv,0.849514563,21.09322172,0.701523304,28.00282851,330.1568491,"(400, 2000, 2000, 2000)",[[0.83333333 0.85365854 0.82926829 0.80487805 0.92682927]],50,concrete
,split_gamma,real_datasets\concrete.csv,0.951456311,24.2222382,0.657246906,25.59860907,356.3614037,"(400, 2000, 2000, 2000)",[[0.80952381 0.97560976 0.97560976 1.         1.        ]],50,concrete
,split_gamma,real_datasets\concrete.csv,0.932038835,26.42400329,0.62609242,29.03101477,270.6954892,"(400, 2000, 2000, 2000)",[[0.78571429 0.95121951 0.97560976 1.         0.95121951]],50,concrete
,split_gamma,real_datasets\boston.csv,0.931372549,35.88621753,0.2025283,39.26784121,8.297134876,"(200, 1000)",[[0.80952381 0.9047619  0.95       1.         1.        ]],50,boston
,split_gamma,real_datasets\boston.csv,0.705882353,9.795290152,0.782297407,23.53585954,11.12733936,"(200, 1000)",[[0.52380952 0.57142857 0.8        0.8        0.85      ]],50,boston
,split_gamma,real_datasets\boston.csv,0.911764706,23.50904814,0.477576642,28.27740627,10.27670884,"(200, 1000)",[[0.76190476 0.9047619  0.95       0.95       1.        ]],50,boston
,split_gamma,real_datasets\concrete.csv,0.932038835,28.80764941,0.592363204,31.11472747,15.616822,"(200, 1000)",[[0.78571429 0.97560976 1.         0.97560976 0.92682927]],50,concrete
,split_gamma,real_datasets\concrete.csv,0.946601942,31.91892829,0.548337166,33.36753887,16.10008383,"(200, 1000)",[[0.80952381 0.97560976 0.97560976 1.         0.97560976]],50,concrete
,split_gamma,real_datasets\concrete.csv,0.868932039,21.61379726,0.694158135,25.78228385,19.69960165,"(200, 1000)",[[0.71428571 0.92682927 0.87804878 0.87804878 0.95121951]],50,concrete
,split_gamma,real_datasets\hour.csv,0.894418872,23.21592504,0.976213161,24.09537337,27.42099357,"(200, 1000)",[[0.5316092  0.94244604 0.99856115 1.         1.        ]],50,hour
