strategy,data_name,coverage,mean_width,cwc,mwi,total_time,noise_std,num_samples,noise_type,layer_size,ssc,cv_size,optimiser,bagging_fraction,normalised_mean_width,num_features
cv_plus,linear_multi,0.9033333333333332,1.811912838962453,-3.914830342342346,17.321257694179724,7.543601274490356,0.0,300,normal,"(200, 1000)",999,5,adam,1,4.914830385840461,3
cv_plus,linear_multi,0.9033333333333332,2.4798245077898127,-5.726546920506072,17.98916936300708,7.011799335479736,0.2,300,normal,"(200, 1000)",999,5,adam,1,6.726546984134372,3
cv_plus,linear_multi,0.9,3.4816920110308525,-8.444121881575239,18.991036866248194,7.093860387802124,0.5,300,normal,"(200, 1000)",999,5,adam,1,9.44412188157524,3
cv_plus,linear_multi,0.9,5.151471183099253,-12.973413377310017,20.660816038316725,8.531134366989136,1.0,300,normal,"(200, 1000)",999,5,adam,1,13.973413377310017,3
cv_plus,linear_multi,0.9033333333333332,0.975242889954765,0.3177519042917352,66.37618823966763,8.141014814376831,0.0,300,normal,"(200, 1000)",999,5,adam,1,0.682248092177688,5
cv_plus,linear_multi,0.9033333333333332,1.0072301052219677,0.295374692858122,67.89530726888167,8.363682508468628,0.2,300,normal,"(200, 1000)",999,5,adam,1,0.7046253038599369,5
cv_plus,linear_multi,0.9033333333333332,1.872694129413256,-0.3100756814785097,67.80864881288996,8.884324312210083,0.5,300,normal,"(200, 1000)",999,5,adam,1,1.3100756849237951,5
cv_plus,linear_multi,0.9033333333333332,3.3180788189961907,-1.3212196191900143,69.2540335024729,8.811739921569824,1.0,300,normal,"(200, 1000)",999,5,adam,1,2.3212196338702324,5
cv_plus,linear_multi,0.9033333333333332,5.045551014650274,-0.7128593904048667,123.08492217473976,8.79603624343872,0.0,300,normal,"(200, 1000)",999,5,adam,1,1.7128593983255267,10
cv_plus,linear_multi,0.9033333333333332,4.3350569214909465,-0.4716614582331078,122.37442808158043,8.697881937026978,0.2,300,normal,"(200, 1000)",999,5,adam,1,1.4716614634737908,10
cv_plus,linear_multi,0.9033333333333332,3.269315781751956,-0.1098645599754699,121.30868694184144,8.756524085998535,0.5,300,normal,"(200, 1000)",999,5,adam,1,1.1098645611961873,10
cv_plus,linear_multi,0.9033333333333332,1.911704606426284,0.3510161304265433,110.85482556866576,8.621610403060913,1.0,300,normal,"(200, 1000)",999,5,adam,1,0.6489838656732774,10
cv_plus,linear_multi,0.9033333333333332,1.811912838962453,-3.914830342342346,17.321257694179724,13.590255498886108,0.0,300,normal,"(200, 1000)",999,10,adam,1,4.914830385840461,3
cv_plus,linear_multi,0.9033333333333332,2.4798245077898127,-5.726546920506072,17.98916936300708,14.023350477218628,0.2,300,normal,"(200, 1000)",999,10,adam,1,6.726546984134372,3
cv_plus,linear_multi,0.9,3.4816920110308525,-8.444121881575239,18.991036866248194,14.617688655853271,0.5,300,normal,"(200, 1000)",999,10,adam,1,9.44412188157524,3
cv_plus,linear_multi,0.9,5.151471183099253,-12.973413377310017,20.660816038316725,13.223625898361206,1.0,300,normal,"(200, 1000)",999,10,adam,1,13.973413377310017,3
cv_plus,linear_multi,0.9033333333333332,0.975242889954765,0.3177519042917352,66.37618823966763,14.801811456680298,0.0,300,normal,"(200, 1000)",999,10,adam,1,0.682248092177688,5
cv_plus,linear_multi,0.9033333333333332,1.0072301052219677,0.295374692858122,67.89530726888167,14.882288455963137,0.2,300,normal,"(200, 1000)",999,10,adam,1,0.7046253038599369,5
cv_plus,linear_multi,0.9033333333333332,1.872694129413256,-0.3100756814785097,67.80864881288996,15.722541570663452,0.5,300,normal,"(200, 1000)",999,10,adam,1,1.3100756849237951,5
cv_plus,linear_multi,0.9033333333333332,3.3180788189961907,-1.3212196191900143,69.2540335024729,16.003788948059082,1.0,300,normal,"(200, 1000)",999,10,adam,1,2.3212196338702324,5
cv_plus,linear_multi,0.9033333333333332,5.045551014650274,-0.7128593904048667,123.08492217473976,15.840281963348389,0.0,300,normal,"(200, 1000)",999,10,adam,1,1.7128593983255267,10
cv_plus,linear_multi,0.9033333333333332,4.3350569214909465,-0.4716614582331078,122.37442808158043,15.973369598388672,0.2,300,normal,"(200, 1000)",999,10,adam,1,1.4716614634737908,10
cv_plus,linear_multi,0.9033333333333332,3.269315781751956,-0.1098645599754699,121.30868694184144,17.645812273025513,0.5,300,normal,"(200, 1000)",999,10,adam,1,1.1098645611961873,10
cv_plus,linear_multi,0.9033333333333332,1.911704606426284,0.3510161304265433,110.85482556866576,15.924209117889404,1.0,300,normal,"(200, 1000)",999,10,adam,1,0.6489838656732774,10
cv_plus,linear_multi,0.9033333333333332,1.811912838962453,-3.914830342342346,17.321257694179724,25.00028967857361,0.0,300,normal,"(200, 1000)",999,20,adam,1,4.914830385840461,3
cv_plus,linear_multi,0.9033333333333332,2.4798245077898127,-5.726546920506072,17.98916936300708,24.82385993003845,0.2,300,normal,"(200, 1000)",999,20,adam,1,6.726546984134372,3
cv_plus,linear_multi,0.9,3.4816920110308525,-8.444121881575239,18.991036866248194,24.659586906433105,0.5,300,normal,"(200, 1000)",999,20,adam,1,9.44412188157524,3
cv_plus,linear_multi,0.9,5.151471183099253,-12.973413377310017,20.660816038316725,24.699000120162964,1.0,300,normal,"(200, 1000)",999,20,adam,1,13.973413377310017,3
cv_plus,linear_multi,0.9033333333333332,0.975242889954765,0.3177519042917352,66.37618823966763,30.42435908317566,0.0,300,normal,"(200, 1000)",999,20,adam,1,0.682248092177688,5
cv_plus,linear_multi,0.9033333333333332,1.0072301052219677,0.295374692858122,67.89530726888167,27.88666820526123,0.2,300,normal,"(200, 1000)",999,20,adam,1,0.7046253038599369,5
cv_plus,linear_multi,0.9033333333333332,1.872694129413256,-0.3100756814785097,67.80864881288996,29.82587718963623,0.5,300,normal,"(200, 1000)",999,20,adam,1,1.3100756849237951,5
cv_plus,linear_multi,0.9033333333333332,3.3180788189961907,-1.3212196191900143,69.2540335024729,30.112080812454224,1.0,300,normal,"(200, 1000)",999,20,adam,1,2.3212196338702324,5
cv_plus,linear_multi,0.9033333333333332,5.045551014650274,-0.7128593904048667,123.08492217473976,29.90751051902771,0.0,300,normal,"(200, 1000)",999,20,adam,1,1.7128593983255267,10
cv_plus,linear_multi,0.9033333333333332,4.3350569214909465,-0.4716614582331078,122.37442808158043,32.443260192871094,0.2,300,normal,"(200, 1000)",999,20,adam,1,1.4716614634737908,10
cv_plus,linear_multi,0.9033333333333332,3.269315781751956,-0.1098645599754699,121.30868694184144,30.28505492210388,0.5,300,normal,"(200, 1000)",999,20,adam,1,1.1098645611961873,10
cv_plus,linear_multi,0.9033333333333332,1.911704606426284,0.3510161304265433,110.85482556866576,30.220542669296265,1.0,300,normal,"(200, 1000)",999,20,adam,1,0.6489838656732774,10
cv_plus,linear_multi,0.9033333333333332,1.811912838962453,-3.914830342342346,17.321257694179724,61.131170988082886,0.0,300,normal,"(200, 1000)",999,50,adam,1,4.914830385840461,3
cv_plus,linear_multi,0.9033333333333332,2.4798245077898127,-5.726546920506072,17.98916936300708,62.44014263153076,0.2,300,normal,"(200, 1000)",999,50,adam,1,6.726546984134372,3
cv_plus,linear_multi,0.9,3.4816920110308525,-8.444121881575239,18.991036866248194,59.80749320983887,0.5,300,normal,"(200, 1000)",999,50,adam,1,9.44412188157524,3
cv_plus,linear_multi,0.9,5.151471183099253,-12.973413377310017,20.660816038316725,59.43608784675598,1.0,300,normal,"(200, 1000)",999,50,adam,1,13.973413377310017,3
cv_plus,linear_multi,0.9033333333333332,0.975242889954765,0.3177519042917352,66.37618823966763,70.0074405670166,0.0,300,normal,"(200, 1000)",999,50,adam,1,0.682248092177688,5
cv_plus,linear_multi,0.9033333333333332,1.0072301052219677,0.295374692858122,67.89530726888167,67.38928484916687,0.2,300,normal,"(200, 1000)",999,50,adam,1,0.7046253038599369,5
cv_plus,linear_multi,0.9033333333333332,1.872694129413256,-0.3100756814785097,67.80864881288996,71.34985852241516,0.5,300,normal,"(200, 1000)",999,50,adam,1,1.3100756849237951,5
cv_plus,linear_multi,0.9033333333333332,3.3180788189961907,-1.3212196191900143,69.2540335024729,77.07892155647278,1.0,300,normal,"(200, 1000)",999,50,adam,1,2.3212196338702324,5
cv_plus,linear_multi,0.9033333333333332,5.045551014650274,-0.7128593904048667,123.08492217473976,78.55653405189514,0.0,300,normal,"(200, 1000)",999,50,adam,1,1.7128593983255267,10
cv_plus,linear_multi,0.9033333333333332,4.3350569214909465,-0.4716614582331078,122.37442808158043,74.21548652648926,0.2,300,normal,"(200, 1000)",999,50,adam,1,1.4716614634737908,10
cv_plus,linear_multi,0.9033333333333332,3.269315781751956,-0.1098645599754699,121.30868694184144,74.05258297920227,0.5,300,normal,"(200, 1000)",999,50,adam,1,1.1098645611961873,10
cv_plus,linear_multi,0.9033333333333332,1.911704606426284,0.3510161304265433,110.85482556866576,74.6288959980011,1.0,300,normal,"(200, 1000)",999,50,adam,1,0.6489838656732774,10
cv_plus,poly_multi,0.9033333333333332,3.2129164641056853,-0.1026386993156791,187.01455978951503,8.765591621398926,0.0,300,normal,"(200, 1000)",999,5,adam,1,1.1026387004561091,3
cv_plus,poly_multi,0.9033333333333332,3.73922306741855,-0.2832615163585842,187.5408663928279,12.913831949234009,0.2,300,normal,"(200, 1000)",999,5,adam,1,1.2832615195059345,3
cv_plus,poly_multi,0.9033333333333332,4.528682972387847,-0.554195741922942,188.33032629779723,8.659144401550293,0.5,300,normal,"(200, 1000)",999,5,adam,1,1.5541957480806723,3
cv_plus,poly_multi,0.9033333333333332,5.844449480670007,-1.0057527845302046,189.6460928060792,8.549465894699097,1.0,300,normal,"(200, 1000)",999,5,adam,1,2.005752795705236,3
cv_plus,poly_multi,0.9033333333333332,12.62631096722208,-0.6395888209158137,447.258939287887,8.585608720779419,0.0,300,normal,"(200, 1000)",999,5,adam,1,1.6395888280223565,5
cv_plus,poly_multi,0.9033333333333332,12.278081920717373,-0.5943695601689277,446.9107102413823,8.6636643409729,0.2,300,normal,"(200, 1000)",999,5,adam,1,1.594369566773034,5
cv_plus,poly_multi,0.9033333333333332,11.75573835096032,-0.5265406690486002,446.38836667162514,8.517107725143433,0.5,300,normal,"(200, 1000)",999,5,adam,1,1.5265406748990522,5
cv_plus,poly_multi,0.9033333333333332,10.885165734698562,-0.4134925171813869,445.5177940553634,8.540665626525879,1.0,300,normal,"(200, 1000)",999,5,adam,1,1.4134925217757484,5
cv_plus,poly_multi,0.9033333333333332,35.537759111576975,-0.8353918364615657,1331.9372541897037,8.459153890609741,0.0,300,normal,"(200, 1000)",999,5,adam,1,1.8353918457436973,10
cv_plus,poly_multi,0.9033333333333332,35.627882280393344,-0.8400463597476542,1332.0273773585202,8.518533706665039,0.2,300,normal,"(200, 1000)",999,5,adam,1,1.8400463690815028,10
cv_plus,poly_multi,0.9033333333333332,35.76306703361791,-0.8470281446767881,1332.1625621117448,8.467284917831421,0.5,300,normal,"(200, 1000)",999,5,adam,1,1.847028154088212,10
cv_plus,poly_multi,0.9033333333333332,35.98837495565885,-0.8586644528920105,1332.3878700337857,8.50048017501831,1.0,300,normal,"(200, 1000)",999,5,adam,1,1.8586644624327269,10
cv_plus,poly_multi,0.9033333333333332,3.2129164641056853,-0.1026386993156791,187.01455978951503,12.999849319458008,0.0,300,normal,"(200, 1000)",999,10,adam,1,1.1026387004561091,3
cv_plus,poly_multi,0.9033333333333332,3.73922306741855,-0.2832615163585842,187.5408663928279,13.381687879562378,0.2,300,normal,"(200, 1000)",999,10,adam,1,1.2832615195059345,3
cv_plus,poly_multi,0.9033333333333332,4.528682972387847,-0.554195741922942,188.33032629779723,13.471666812896729,0.5,300,normal,"(200, 1000)",999,10,adam,1,1.5541957480806723,3
cv_plus,poly_multi,0.9033333333333332,5.844449480670007,-1.0057527845302046,189.6460928060792,13.415918350219728,1.0,300,normal,"(200, 1000)",999,10,adam,1,2.005752795705236,3
cv_plus,poly_multi,0.9033333333333332,12.62631096722208,-0.6395888209158137,447.258939287887,16.26815891265869,0.0,300,normal,"(200, 1000)",999,10,adam,1,1.6395888280223565,5
cv_plus,poly_multi,0.9033333333333332,12.278081920717373,-0.5943695601689277,446.9107102413823,16.021333694458008,0.2,300,normal,"(200, 1000)",999,10,adam,1,1.594369566773034,5
cv_plus,poly_multi,0.9033333333333332,11.75573835096032,-0.5265406690486002,446.38836667162514,16.58665943145752,0.5,300,normal,"(200, 1000)",999,10,adam,1,1.5265406748990522,5
cv_plus,poly_multi,0.9033333333333332,10.885165734698562,-0.4134925171813869,445.5177940553634,16.357325792312622,1.0,300,normal,"(200, 1000)",999,10,adam,1,1.4134925217757484,5
cv_plus,poly_multi,0.9033333333333332,35.537759111576975,-0.8353918364615657,1331.9372541897037,16.70623755455017,0.0,300,normal,"(200, 1000)",999,10,adam,1,1.8353918457436973,10
cv_plus,poly_multi,0.9033333333333332,35.627882280393344,-0.8400463597476542,1332.0273773585202,16.615941286087036,0.2,300,normal,"(200, 1000)",999,10,adam,1,1.8400463690815028,10
cv_plus,poly_multi,0.9033333333333332,35.76306703361791,-0.8470281446767881,1332.1625621117448,18.32900762557984,0.5,300,normal,"(200, 1000)",999,10,adam,1,1.847028154088212,10
cv_plus,poly_multi,0.9033333333333332,35.98837495565885,-0.8586644528920105,1332.3878700337857,16.061467170715332,1.0,300,normal,"(200, 1000)",999,10,adam,1,1.8586644624327269,10
cv_plus,poly_multi,0.9033333333333332,3.2129164641056853,-0.1026386993156791,187.01455978951503,26.15709614753723,0.0,300,normal,"(200, 1000)",999,20,adam,1,1.1026387004561091,3
cv_plus,poly_multi,0.9033333333333332,3.73922306741855,-0.2832615163585842,187.5408663928279,32.10732340812683,0.2,300,normal,"(200, 1000)",999,20,adam,1,1.2832615195059345,3
cv_plus,poly_multi,0.9033333333333332,4.528682972387847,-0.554195741922942,188.33032629779723,26.148157119750977,0.5,300,normal,"(200, 1000)",999,20,adam,1,1.5541957480806723,3
cv_plus,poly_multi,0.9033333333333332,5.844449480670007,-1.0057527845302046,189.6460928060792,25.3726224899292,1.0,300,normal,"(200, 1000)",999,20,adam,1,2.005752795705236,3
cv_plus,poly_multi,0.9033333333333332,12.62631096722208,-0.6395888209158137,447.258939287887,30.688279390335083,0.0,300,normal,"(200, 1000)",999,20,adam,1,1.6395888280223565,5
cv_plus,poly_multi,0.9033333333333332,12.278081920717373,-0.5943695601689277,446.9107102413823,30.70748472213745,0.2,300,normal,"(200, 1000)",999,20,adam,1,1.594369566773034,5
cv_plus,poly_multi,0.9033333333333332,11.75573835096032,-0.5265406690486002,446.38836667162514,30.56955552101136,0.5,300,normal,"(200, 1000)",999,20,adam,1,1.5265406748990522,5
cv_plus,poly_multi,0.9033333333333332,10.885165734698562,-0.4134925171813869,445.5177940553634,30.131973028182983,1.0,300,normal,"(200, 1000)",999,20,adam,1,1.4134925217757484,5
cv_plus,poly_multi,0.9033333333333332,35.537759111576975,-0.8353918364615657,1331.9372541897037,30.16769123077393,0.0,300,normal,"(200, 1000)",999,20,adam,1,1.8353918457436973,10
cv_plus,poly_multi,0.9033333333333332,35.627882280393344,-0.8400463597476542,1332.0273773585202,29.88450574874878,0.2,300,normal,"(200, 1000)",999,20,adam,1,1.8400463690815028,10
cv_plus,poly_multi,0.9033333333333332,35.76306703361791,-0.8470281446767881,1332.1625621117448,29.87534475326538,0.5,300,normal,"(200, 1000)",999,20,adam,1,1.847028154088212,10
cv_plus,poly_multi,0.9033333333333332,35.98837495565885,-0.8586644528920105,1332.3878700337857,29.8569564819336,1.0,300,normal,"(200, 1000)",999,20,adam,1,1.8586644624327269,10
cv_plus,poly_multi,0.9033333333333332,3.2129164641056853,-0.1026386993156791,187.01455978951503,79.47477221488953,0.0,300,normal,"(200, 1000)",999,50,adam,1,1.1026387004561091,3
cv_plus,poly_multi,0.9033333333333332,3.73922306741855,-0.2832615163585842,187.5408663928279,75.42549133300781,0.2,300,normal,"(200, 1000)",999,50,adam,1,1.2832615195059345,3
cv_plus,poly_multi,0.9033333333333332,4.528682972387847,-0.554195741922942,188.33032629779723,82.99266505241394,0.5,300,normal,"(200, 1000)",999,50,adam,1,1.5541957480806723,3
cv_plus,poly_multi,0.9033333333333332,5.844449480670007,-1.0057527845302046,189.6460928060792,96.3668794631958,1.0,300,normal,"(200, 1000)",999,50,adam,1,2.005752795705236,3
cv_plus,poly_multi,0.9033333333333332,12.62631096722208,-0.6395888209158137,447.258939287887,73.79950213432312,0.0,300,normal,"(200, 1000)",999,50,adam,1,1.6395888280223565,5
cv_plus,poly_multi,0.9033333333333332,12.278081920717373,-0.5943695601689277,446.9107102413823,71.27637577056885,0.2,300,normal,"(200, 1000)",999,50,adam,1,1.594369566773034,5
cv_plus,poly_multi,0.9033333333333332,11.75573835096032,-0.5265406690486002,446.38836667162514,72.11676001548767,0.5,300,normal,"(200, 1000)",999,50,adam,1,1.5265406748990522,5
cv_plus,poly_multi,0.9033333333333332,10.885165734698562,-0.4134925171813869,445.5177940553634,124.70277786254884,1.0,300,normal,"(200, 1000)",999,50,adam,1,1.4134925217757484,5
cv_plus,poly_multi,0.9033333333333332,35.537759111576975,-0.8353918364615657,1331.9372541897037,96.14819884300232,0.0,300,normal,"(200, 1000)",999,50,adam,1,1.8353918457436973,10
cv_plus,poly_multi,0.9033333333333332,35.627882280393344,-0.8400463597476542,1332.0273773585202,89.81398820877075,0.2,300,normal,"(200, 1000)",999,50,adam,1,1.8400463690815028,10
cv_plus,poly_multi,0.9033333333333332,35.76306703361791,-0.8470281446767881,1332.1625621117448,86.94088363647461,0.5,300,normal,"(200, 1000)",999,50,adam,1,1.847028154088212,10
cv_plus,poly_multi,0.9033333333333332,35.98837495565885,-0.8586644528920105,1332.3878700337857,89.44722318649292,1.0,300,normal,"(200, 1000)",999,50,adam,1,1.8586644624327269,10
cv_plus,non_linear_multi,0.9033333333333332,0.6238680490221813,-0.7562455998796045,13.424276137206167,10.282480001449583,0.0,300,normal,"(200, 1000)",999,5,adam,1,1.7562456082823334,3
cv_plus,non_linear_multi,0.9033333333333332,0.6238680490221813,-0.7562455998796045,13.424276137206167,10.238349676132202,0.2,300,normal,"(200, 1000)",999,5,adam,1,1.7562456082823334,3
cv_plus,non_linear_multi,0.9033333333333332,0.6238680490221813,-0.7562455998796045,13.424276137206167,10.075973987579346,0.5,300,normal,"(200, 1000)",999,5,adam,1,1.7562456082823334,3
cv_plus,non_linear_multi,0.9033333333333332,0.6238680490221813,-0.7562455998796045,13.424276137206167,10.399654388427734,1.0,300,normal,"(200, 1000)",999,5,adam,1,1.7562456082823334,3
cv_plus,non_linear_multi,0.9033333333333333,4.642014948498221,-1.9876057475872113,77.9851317825479,10.329588174819946,0.0,300,normal,"(200, 1000)",999,5,adam,1,2.98760576967172,5
cv_plus,non_linear_multi,0.9033333333333333,4.642014948498221,-1.9876057475872113,77.9851317825479,10.213568449020386,0.2,300,normal,"(200, 1000)",999,5,adam,1,2.98760576967172,5
cv_plus,non_linear_multi,0.9033333333333333,4.642014948498221,-1.9876057475872113,77.9851317825479,10.19286322593689,0.5,300,normal,"(200, 1000)",999,5,adam,1,2.98760576967172,5
cv_plus,non_linear_multi,0.9033333333333333,4.642014948498221,-1.9876057475872113,77.9851317825479,10.14217734336853,1.0,300,normal,"(200, 1000)",999,5,adam,1,2.98760576967172,5
