strategy,data_name,coverage,mean_width,cwc,mwi,total_time,noise_std,num_samples,noise_type,layer_size,ssc,cv_size,optimiser,bagging_fraction,normalised_mean_width,num_features,active_function
jackknife_plus,linear_multi,0.9,0.581931876,0.389505988,152.6649697,332.0988648,0,500,normal,"(200, 1000)",[[0.92 0.88 0.84 0.97 0.89]],500,sgd,1,0.610494012,3,relu
jackknife_plus,linear_multi,0.9,0.623345949,0.346059246,106.7626777,327.6827557,0.2,500,normal,"(200, 1000)",[[0.87 0.98 0.94 0.9  0.81]],500,sgd,1,0.653940754,3,relu
jackknife_plus,linear_multi,0.904,0.678704746,0.287983347,65.01417491,282.5612364,0.5,500,normal,"(200, 1000)",[[0.74 1.   1.   0.96 0.82]],500,sgd,1,0.712016648,3,relu
jackknife_plus,linear_multi,0.916,0.835778229,0.123200422,22.56687918,324.3592722,1,500,normal,"(200, 1000)",[[0.85 0.99 0.94 0.91 0.89]],500,sgd,1,0.876799546,3,relu
jackknife_plus_ab,linear_multi,0.904,0.586609098,0.384599194,144.1257741,29.50931954,0,500,normal,"(200, 1000)",[[0.7  0.95 0.94 0.98 0.95]],500,sgd,1,0.6154008,3,relu
jackknife_plus_ab,linear_multi,0.902,0.626421066,0.342833197,104.5262637,30.9782958,0.2,500,normal,"(200, 1000)",[[0.61 0.95 0.98 0.97 1.  ]],500,sgd,1,0.657166802,3,relu
jackknife_plus_ab,linear_multi,0.902,0.680722112,0.28586697,65.14022505,29.38399529,0.5,500,normal,"(200, 1000)",[[0.97 0.9  0.88 0.89 0.87]],500,sgd,1,0.714133029,3,relu
jackknife_plus_ab,linear_multi,0.9,0.792749023,0.168341601,32.47619431,29.7983973,1,500,normal,"(200, 1000)",[[0.92 0.95 0.88 0.82 0.93]],500,sgd,1,0.831658399,3,relu
jackknife_plus,linear_multi,0.9,1.054429441,0.585519225,750.0361507,370.1544173,0,500,normal,"(200, 1000)",[[0.95 0.94 0.87 0.76 0.98]],500,sgd,1,0.414480775,5,relu
jackknife_plus,linear_multi,0.902,0.981673928,0.61411835,897.4906162,338.9419398,0.2,500,normal,"(200, 1000)",[[0.93 0.86 0.89 0.9  0.93]],500,sgd,1,0.385881648,5,relu
jackknife_plus,linear_multi,0.904,0.901708608,0.645551539,1100.571344,340.3602879,0.5,500,normal,"(200, 1000)",[[0.88 0.92 0.89 0.91 0.92]],500,sgd,1,0.354448451,5,relu
jackknife_plus,linear_multi,0.906,0.761767997,0.700560129,1538.935091,337.6287868,1,500,normal,"(200, 1000)",[[0.81 0.91 0.94 0.91 0.96]],500,sgd,1,0.299439846,5,relu
jackknife_plus_ab,linear_multi,0.9,1.054690986,0.585416416,747.199296,341.554564,0,500,normal,"(200, 1000)",[[0.68 1.   0.93 0.94 0.95]],500,sgd,1,0.414583584,5,relu
jackknife_plus_ab,linear_multi,0.9,0.99200946,0.610055606,879.8699577,337.6215498,0.2,500,normal,"(200, 1000)",[[0.9  0.9  0.92 0.85 0.93]],500,sgd,1,0.389944394,5,relu
jackknife_plus_ab,linear_multi,0.902,0.90241663,0.645273233,1101.48508,343.0796907,0.5,500,normal,"(200, 1000)",[[0.84 0.94 0.92 0.91 0.9 ]],500,sgd,1,0.354726764,5,relu
jackknife_plus_ab,linear_multi,0.9,0.752411996,0.704237861,1568.026503,323.177465,1,500,normal,"(200, 1000)",[[0.94 0.88 0.88 0.84 0.96]],500,sgd,1,0.295762139,5,relu
jackknife_plus,linear_multi,0.91,1.237424688,0.601117067,934.8642713,286.6127973,0,500,normal,"(200, 1000)",[[0.89 0.91 0.91 0.91 0.93]],500,sgd,1,0.398882873,10,relu
jackknife_plus,linear_multi,0.9,1.21563602,0.608140687,986.8385385,286.649272,0.2,500,normal,"(200, 1000)",[[0.89 0.9  0.91 0.9  0.9 ]],500,sgd,1,0.391859313,10,relu
jackknife_plus,linear_multi,0.906,1.190300117,0.616307673,1056.498958,286.536834,0.5,500,normal,"(200, 1000)",[[0.95 0.9  0.89 0.93 0.86]],500,sgd,1,0.383692305,10,relu
jackknife_plus,linear_multi,0.908,1.139517562,0.632677371,1207.805964,286.2541921,1,500,normal,"(200, 1000)",[[0.91 0.89 0.9  0.94 0.9 ]],500,sgd,1,0.367322588,10,relu
jackknife_plus_ab,linear_multi,0.902,1.223196883,0.605703446,949.7885712,288.3795285,0,500,normal,"(200, 1000)",[[0.91 0.89 0.86 0.92 0.93]],500,sgd,1,0.394296551,10,relu
jackknife_plus_ab,linear_multi,0.902,1.209565724,0.610097439,991.8618659,287.5184455,0.2,500,normal,"(200, 1000)",[[0.91 0.88 0.92 0.87 0.93]],500,sgd,1,0.389902558,10,relu
jackknife_plus_ab,linear_multi,0.902,1.184159073,0.618287253,1065.775177,288.180691,0.5,500,normal,"(200, 1000)",[[0.89 0.93 0.92 0.9  0.87]],500,sgd,1,0.381712744,10,relu
jackknife_plus_ab,linear_multi,0.9,1.130089326,0.635716596,1220.9992,287.6107397,1,500,normal,"(200, 1000)",[[0.76 0.95 0.93 0.95 0.91]],500,sgd,1,0.364283404,10,relu
jackknife_plus,linear_multi,0.928,0.012766861,0.986605747,2284.824616,295.3153918,0,500,normal,"(200, 1000)",[[0.92 0.95 0.98 0.94 0.85]],500,lbfgs,1,0.013393479,3,relu
jackknife_plus,linear_multi,0.914,0.013641555,0.985688703,2280.83424,287.0907137,0.2,500,normal,"(200, 1000)",[[0.91 0.86 0.93 0.91 0.96]],500,lbfgs,1,0.014311104,3,relu
jackknife_plus,linear_multi,0.91,0.015458246,0.983782941,2271.968455,282.5234964,0.5,500,normal,"(200, 1000)",[[0.85 0.95 0.95 0.93 0.87]],500,lbfgs,1,0.016216961,3,relu
jackknife_plus,linear_multi,0.96,0.014204031,0.985095266,2277.132928,413.0726116,1,500,normal,"(200, 1000)",[[0.99 0.99 1.   0.94 0.88]],500,lbfgs,1,0.014901187,3,relu
jackknife_plus_ab,linear_multi,0.904,0.012251301,0.98714737,2286.974117,384.7637923,0,500,normal,"(200, 1000)",[[0.92 0.9  0.96 0.88 0.86]],500,lbfgs,1,0.012852614,3,relu
jackknife_plus_ab,linear_multi,0.902,0.012725043,0.986650388,2284.329472,301.9823165,0.2,500,normal,"(200, 1000)",[[0.92 0.91 0.9  0.95 0.83]],500,lbfgs,1,0.013349608,3,relu
jackknife_plus_ab,linear_multi,0.904,0.013620464,0.985711006,2279.798253,290.8092854,0.5,500,normal,"(200, 1000)",[[0.89 0.86 0.92 0.96 0.89]],500,lbfgs,1,0.014288978,3,relu
jackknife_plus_ab,linear_multi,0.9,0.014437788,0.984853582,2275.778347,435.6040902,1,500,normal,"(200, 1000)",[[0.91 0.98 0.95 0.88 0.78]],500,lbfgs,1,0.015146418,3,relu
jackknife_plus,linear_multi,0.93,0.030721878,0.98792279,5225.13385,528.1848345,0,500,normal,"(200, 1000)",[[0.91 0.94 0.96 0.93 0.91]],500,lbfgs,1,0.01207632,5,relu
jackknife_plus,linear_multi,0.91,0.039677091,0.984403418,5178.462458,443.5158253,0.2,500,normal,"(200, 1000)",[[0.98 0.94 0.93 0.89 0.81]],500,lbfgs,1,0.015596484,5,relu
jackknife_plus,linear_multi,0.962,0.024832215,0.990235013,5250.356888,385.1879106,0.5,500,normal,"(200, 1000)",[[0.98 0.97 0.97 0.96 0.93]],500,lbfgs,1,0.00976118,5,relu
jackknife_plus,linear_multi,0.926,0.034137471,0.986580393,5211.284675,352.9912601,1,500,normal,"(200, 1000)",[[1.   1.   0.97 0.93 0.73]],500,lbfgs,1,0.01341894,5,relu
jackknife_plus_ab,linear_multi,0.904,0.027917459,0.98902604,5239.394426,360.0914655,0,500,normal,"(200, 1000)",[[0.95 0.95 0.95 0.89 0.78]],500,lbfgs,1,0.010973944,5,relu
jackknife_plus_ab,linear_multi,0.9,0.035161163,0.986178662,5201.754121,352.3761346,0.2,500,normal,"(200, 1000)",[[0.9  0.87 0.93 0.96 0.84]],500,lbfgs,1,0.013821338,5,relu
jackknife_plus_ab,linear_multi,0.898,0.025274748,0.990064863,5250.178357,335.4115422,0.5,500,normal,"(200, 1000)",[[0.96 0.94 0.9  0.9  0.79]],500,lbfgs,1,0.009935133,5,relu
jackknife_plus_ab,linear_multi,0.904,0.020717945,0.991856063,5274.126751,345.1597989,1,500,normal,"(200, 1000)",[[0.93 0.93 0.94 0.9  0.82]],500,lbfgs,1,0.008143921,5,relu
jackknife_plus,linear_multi,0.91,0.059582934,0.98079339,5774.154659,361.4175577,0,500,normal,"(200, 1000)",[[0.89 0.91 0.94 0.91 0.9 ]],500,lbfgs,1,0.019206512,10,relu
jackknife_plus,linear_multi,0.934,0.051000422,0.983558917,5832.475287,359.5520115,0.2,500,normal,"(200, 1000)",[[0.97 0.96 0.97 0.96 0.81]],500,lbfgs,1,0.016439946,10,relu
jackknife_plus,linear_multi,0.914,0.0555788,0.982084025,5799.577567,441.6348279,0.5,500,normal,"(200, 1000)",[[0.96 0.9  0.94 0.88 0.89]],500,lbfgs,1,0.017915782,10,relu
jackknife_plus,linear_multi,0.924,0.049851184,0.983929943,5838.519649,445.7314582,1,500,normal,"(200, 1000)",[[0.97 0.95 0.93 0.92 0.85]],500,lbfgs,1,0.01606949,10,relu
jackknife_plus_ab,linear_multi,0.902,0.048972135,0.984213867,5831.90904,403.5760438,0,500,normal,"(200, 1000)",[[0.95 0.91 0.9  0.9  0.85]],500,lbfgs,1,0.015786129,10,relu
jackknife_plus_ab,linear_multi,0.902,0.046412521,0.985038957,5845.898171,386.3093901,0.2,500,normal,"(200, 1000)",[[0.91 0.91 0.93 0.92 0.84]],500,lbfgs,1,0.014961039,10,relu
jackknife_plus_ab,linear_multi,0.896,0.04663411,0.984967516,5844.59673,381.6428833,0.5,500,normal,"(200, 1000)",[[0.79 0.94 0.94 0.92 0.89]],500,lbfgs,1,0.015032469,10,relu
jackknife_plus_ab,linear_multi,0.904,0.043878495,0.985855786,5858.216347,394.5981529,1,500,normal,"(200, 1000)",[[0.87 0.87 0.91 0.94 0.93]],500,lbfgs,1,0.014144198,10,relu
jackknife_plus,poly_multi,0.902,1.022287079,0.587967317,980.1577989,286.3570964,0,500,normal,"(200, 1000)",[[0.89 0.95 0.99 0.89 0.79]],500,sgd,1,0.41203268,3,relu
jackknife_plus,poly_multi,0.9,0.98380638,0.603476961,1073.130678,281.1169736,0.2,500,normal,"(200, 1000)",[[0.94 0.91 0.9  0.85 0.9 ]],500,sgd,1,0.396523039,3,relu
jackknife_plus,poly_multi,0.906,0.932863459,0.624009476,1199.652854,278.8472743,0.5,500,normal,"(200, 1000)",[[0.79 0.82 0.95 0.98 0.99]],500,sgd,1,0.375990501,3,relu
jackknife_plus,poly_multi,0.902,0.843960354,0.659841882,1463.98123,278.2453332,1,500,normal,"(200, 1000)",[[0.8  0.91 0.96 0.99 0.85]],500,sgd,1,0.340158116,3,relu
jackknife_plus_ab,poly_multi,0.9,1.021331215,0.588352581,964.85915,28.24473095,0,500,normal,"(200, 1000)",[[0.72 0.85 0.96 0.97 1.  ]],500,sgd,1,0.411647419,3,relu
jackknife_plus_ab,poly_multi,0.902,0.973256594,0.607729048,1078.045749,28.18204832,0.2,500,normal,"(200, 1000)",[[1.   1.   1.   0.81 0.7 ]],500,sgd,1,0.392270949,3,relu
jackknife_plus_ab,poly_multi,0.902,0.932847837,0.624015793,1179.240495,28.13255262,0.5,500,normal,"(200, 1000)",[[0.77 1.   1.   1.   0.74]],500,sgd,1,0.375984205,3,relu
jackknife_plus_ab,poly_multi,0.898,0.836129827,0.662997974,1460.948514,28.20011735,1,500,normal,"(200, 1000)",[[0.76 0.95 1.   1.   0.78]],500,sgd,1,0.337002023,3,relu
jackknife_plus,poly_multi,0.906,2.386045062,0.68821459,4629.262189,279.1027889,0,500,normal,"(200, 1000)",[[0.96 0.91 0.88 0.91 0.87]],500,sgd,1,0.311785386,5,relu
jackknife_plus,poly_multi,0.906,2.439318183,0.681253372,4474.06616,276.8711534,0.2,500,normal,"(200, 1000)",[[0.92 0.86 0.94 0.87 0.94]],500,sgd,1,0.318746604,5,relu
jackknife_plus,poly_multi,0.902,2.507985253,0.672280642,4254.477188,277.06269,0.5,500,normal,"(200, 1000)",[[0.94 0.85 0.92 0.94 0.86]],500,sgd,1,0.327719355,5,relu
jackknife_plus,poly_multi,0.904,2.62887477,0.656483957,3888.642245,276.6627917,1,500,normal,"(200, 1000)",[[0.95 0.91 0.87 0.91 0.88]],500,sgd,1,0.343516033,5,relu
jackknife_plus_ab,poly_multi,0.902,2.382144028,0.688724361,4640.548182,325.6231956,0,500,normal,"(200, 1000)",[[0.81 0.95 0.98 0.89 0.88]],500,sgd,1,0.311275636,5,relu
jackknife_plus_ab,poly_multi,0.898,2.44176503,0.680933663,4450.931254,329.7182391,0.2,500,normal,"(200, 1000)",[[0.98 0.88 0.93 0.9  0.8 ]],500,sgd,1,0.319066334,5,relu
jackknife_plus_ab,poly_multi,0.902,2.541455928,0.667907017,4143.708807,276.6261282,0.5,500,normal,"(200, 1000)",[[0.73 0.99 1.   0.98 0.81]],500,sgd,1,0.332092981,5,relu
jackknife_plus_ab,poly_multi,0.902,2.675110264,0.650442356,3738.172788,276.1571248,1,500,normal,"(200, 1000)",999,500,sgd,1,0.349557642,5,relu
jackknife_plus,poly_multi,0.904,5.740442009,0.717449675,10644.0892,280.8881934,0,500,normal,"(200, 1000)",[[0.9  0.91 0.92 0.89 0.9 ]],500,sgd,1,0.282550314,10,relu
jackknife_plus,poly_multi,0.908,5.67808231,0.720519047,10932.70167,280.854445,0.2,500,normal,"(200, 1000)",[[0.94 0.9  0.92 0.94 0.84]],500,sgd,1,0.279480907,10,relu
jackknife_plus,poly_multi,0.91,5.663385357,0.72124242,10995.20626,277.6763663,0.5,500,normal,"(200, 1000)",[[0.95 0.91 0.93 0.95 0.81]],500,sgd,1,0.278757508,10,relu
jackknife_plus,poly_multi,0.906,5.417983519,0.73332139,12142.08419,280.7511675,1,500,normal,"(200, 1000)",[[0.91 0.88 0.94 0.89 0.91]],500,sgd,1,0.266678583,10,relu
jackknife_plus_ab,poly_multi,0.902,5.75360904,0.716801589,10476.00851,281.8277032,0,500,normal,"(200, 1000)",[[0.92 0.89 0.83 0.96 0.91]],500,sgd,1,0.283198408,10,relu
jackknife_plus_ab,poly_multi,0.902,5.674196743,0.720710342,10824.4256,281.9150128,0.2,500,normal,"(200, 1000)",[[0.92 0.91 0.91 0.91 0.86]],500,sgd,1,0.279289655,10,relu
jackknife_plus_ab,poly_multi,0.902,5.504661801,0.729055022,11436.62661,282.5874922,0.5,500,normal,"(200, 1000)",[[0.96 0.93 0.89 0.94 0.79]],500,sgd,1,0.270944975,10,relu
jackknife_plus_ab,poly_multi,0.904,5.325359835,0.737880435,12231.4026,282.0112853,1,500,normal,"(200, 1000)",[[0.89 0.9  0.91 0.9  0.92]],500,sgd,1,0.262119553,10,relu
jackknife_plus,poly_multi,0.922,0.098099863,0.960460397,5084.230037,324.7200336,0,500,normal,"(200, 1000)",[[0.98 0.94 0.87 0.92 0.9 ]],500,lbfgs,1,0.039539138,3,relu
jackknife_plus,poly_multi,0.938,0.059641583,0.975960058,5303.143749,345.1110864,0.2,500,normal,"(200, 1000)",[[0.98 0.97 0.96 0.94 0.84]],500,lbfgs,1,0.024038533,3,relu
jackknife_plus,poly_multi,0.912,0.095691331,0.961431482,5144.435058,347.3878226,0.5,500,normal,"(200, 1000)",[[0.92 0.96 0.93 0.83 0.92]],500,lbfgs,1,0.038568379,3,relu
jackknife_plus,poly_multi,0.928,0.069384082,0.972033992,5264.767425,340.8241158,1,500,normal,"(200, 1000)",[[0.95 0.93 0.93 0.93 0.9 ]],500,lbfgs,1,0.027965246,3,relu
jackknife_plus_ab,poly_multi,0.908,0.070447034,0.97160627,5230.159569,330.9816332,0,500,normal,"(200, 1000)",[[0.89 0.94 0.9  0.96 0.85]],500,lbfgs,1,0.028393668,3,relu
jackknife_plus_ab,poly_multi,0.904,0.05204761,0.979022202,5335.801429,343.6669517,0.2,500,normal,"(200, 1000)",[[0.89 0.93 0.87 0.94 0.89]],500,lbfgs,1,0.020977783,3,relu
jackknife_plus_ab,poly_multi,0.9,0.069475987,0.971997712,5253.297665,348.623347,0.5,500,normal,"(200, 1000)",[[0.98 0.97 0.89 0.9  0.76]],500,lbfgs,1,0.028002288,3,relu
jackknife_plus_ab,poly_multi,0.898,0.062271871,0.974901326,5282.609444,342.7308385,1,500,normal,"(200, 1000)",[[0.97 0.94 0.9  0.87 0.81]],500,lbfgs,1,0.02509867,3,relu
jackknife_plus,poly_multi,0.92,1.074904233,0.859541525,11430.59964,347.0465691,0,500,normal,"(200, 1000)",[[0.97 0.88 0.89 0.94 0.92]],500,lbfgs,1,0.140458131,5,relu
jackknife_plus,poly_multi,0.918,1.055179191,0.862119068,11470.32814,346.2789083,0.2,500,normal,"(200, 1000)",[[0.93 0.93 0.94 0.91 0.88]],500,lbfgs,1,0.137880653,5,relu
jackknife_plus,poly_multi,0.912,1.058853909,0.861639046,11661.69725,358.0155959,0.5,500,normal,"(200, 1000)",[[0.92 0.92 0.91 0.91 0.9 ]],500,lbfgs,1,0.13836083,5,relu
jackknife_plus,poly_multi,0.906,1.12381877,0.853150157,11261.38583,339.1550815,1,500,normal,"(200, 1000)",[[0.91 0.88 0.92 0.93 0.89]],500,lbfgs,1,0.146849812,5,relu
jackknife_plus_ab,poly_multi,0.9,1.021343272,0.866540699,11714.86524,346.1871867,0,500,normal,"(200, 1000)",[[0.86 0.96 0.84 0.95 0.89]],500,lbfgs,1,0.133459301,5,relu
jackknife_plus_ab,poly_multi,0.906,1.049128179,0.862910004,11589.2208,346.4661353,0.2,500,normal,"(200, 1000)",[[0.86 0.92 0.88 0.94 0.93]],500,lbfgs,1,0.137089965,5,relu
jackknife_plus_ab,poly_multi,0.902,1.056068439,0.862003145,11629.43091,351.8436003,0.5,500,normal,"(200, 1000)",[[0.86 0.94 0.9  0.93 0.88]],500,lbfgs,1,0.137996851,5,relu
jackknife_plus_ab,poly_multi,0.902,1.065442389,0.860778248,11530.38777,348.4585631,1,500,normal,"(200, 1000)",[[0.9  0.94 0.91 0.91 0.85]],500,lbfgs,1,0.139221749,5,relu
jackknife_plus,poly_multi,0.906,4.892422954,0.759190007,17113.93253,367.532912,0,500,normal,"(200, 1000)",[[0.93 0.87 0.92 0.94 0.87]],500,lbfgs,1,0.240809965,10,relu
jackknife_plus,poly_multi,0.906,4.73922792,0.76673042,17457.487,369.0812459,0.2,500,normal,"(200, 1000)",[[0.91 0.89 0.93 0.94 0.86]],500,lbfgs,1,0.233269552,10,relu
jackknife_plus,poly_multi,0.904,4.668776729,0.770198114,17929.50554,365.0271971,0.5,500,normal,"(200, 1000)",[[0.91 0.93 0.91 0.91 0.86]],500,lbfgs,1,0.229801874,10,relu
jackknife_plus,poly_multi,0.918,4.512648246,0.777882675,18470.96819,367.3532174,1,500,normal,"(200, 1000)",[[0.95 0.92 0.94 0.95 0.83]],500,lbfgs,1,0.222117073,10,relu
jackknife_plus_ab,poly_multi,0.902,4.529223001,0.777067098,18272.52866,357.5235262,0,500,normal,"(200, 1000)",[[0.91 0.92 0.91 0.9  0.87]],500,lbfgs,1,0.222932899,10,relu
jackknife_plus_ab,poly_multi,0.902,4.53924665,0.776573724,18292.29267,356.6946337,0.2,500,normal,"(200, 1000)",[[0.88 0.88 0.92 0.94 0.89]],500,lbfgs,1,0.223426273,10,relu
jackknife_plus_ab,poly_multi,0.9,4.364374443,0.785181112,18913.41549,362.5503426,0.5,500,normal,"(200, 1000)",[[0.94 0.91 0.89 0.86 0.9 ]],500,lbfgs,1,0.214818888,10,relu
jackknife_plus_ab,poly_multi,0.9,4.303199293,0.788192214,19304.42129,372.9986484,1,500,normal,"(200, 1000)",[[0.85 0.9  0.97 0.88 0.9 ]],500,lbfgs,1,0.211807786,10,relu
jackknife_plus,non_linear_multi,0.904,0.525835832,0.506205304,468.7215641,276.5476394,0,500,normal,"(200, 1000)",[[0.96 0.99 0.87 0.78 0.92]],500,sgd,1,0.493794687,3,relu
jackknife_plus,non_linear_multi,0.904,0.525835832,0.506205304,468.7215641,276.1991346,0.2,500,normal,"(200, 1000)",[[0.96 0.99 0.87 0.78 0.92]],500,sgd,1,0.493794687,3,relu
jackknife_plus,non_linear_multi,0.904,0.525835832,0.506205304,468.7215641,277.4369671,0.5,500,normal,"(200, 1000)",[[0.96 0.99 0.87 0.78 0.92]],500,sgd,1,0.493794687,3,relu
jackknife_plus,non_linear_multi,0.904,0.525835832,0.506205304,468.7215641,276.2663248,1,500,normal,"(200, 1000)",[[0.96 0.99 0.87 0.78 0.92]],500,sgd,1,0.493794687,3,relu
jackknife_plus_ab,non_linear_multi,0.902,0.510767276,0.520355683,460.9298403,27.35666418,0,500,normal,"(200, 1000)",[[0.94 0.96 0.94 0.9  0.77]],500,sgd,1,0.479644315,3,relu
jackknife_plus_ab,non_linear_multi,0.902,0.511748592,0.519434162,458.3632679,27.86026955,0.2,500,normal,"(200, 1000)",[[0.94 0.93 0.84 0.9  0.9 ]],500,sgd,1,0.480565836,3,relu
jackknife_plus_ab,non_linear_multi,0.902,0.505624292,0.525185285,474.5842273,27.37061906,0.5,500,normal,"(200, 1000)",[[0.81 0.83 0.91 0.96 1.  ]],500,sgd,1,0.474814713,3,relu
jackknife_plus_ab,non_linear_multi,0.904,0.507757975,0.523181609,465.7017047,27.46912217,1,500,normal,"(200, 1000)",[[1.   0.9  0.78 0.87 0.97]],500,sgd,1,0.476818383,3,relu
jackknife_plus,non_linear_multi,0.916,0.708147509,0.728321971,2068.453419,275.8955982,0,500,normal,"(200, 1000)",[[0.9  0.94 0.91 0.9  0.93]],500,sgd,1,0.271677843,5,relu
jackknife_plus,non_linear_multi,0.916,0.708147509,0.728321971,2068.453419,275.2725072,0.2,500,normal,"(200, 1000)",[[0.9  0.94 0.91 0.9  0.93]],500,sgd,1,0.271677843,5,relu
jackknife_plus,non_linear_multi,0.916,0.708147509,0.728321971,2068.453419,275.5328474,0.5,500,normal,"(200, 1000)",[[0.9  0.94 0.91 0.9  0.93]],500,sgd,1,0.271677843,5,relu
jackknife_plus,non_linear_multi,0.916,0.708147509,0.728321971,2068.453419,276.2285969,1,500,normal,"(200, 1000)",[[0.9  0.94 0.91 0.9  0.93]],500,sgd,1,0.271677843,5,relu
jackknife_plus_ab,non_linear_multi,0.902,0.688097117,0.736014404,2129.46142,278.4660177,0,500,normal,"(200, 1000)",[[0.98 0.92 0.83 0.93 0.85]],500,sgd,1,0.263985593,5,relu
jackknife_plus_ab,non_linear_multi,0.902,0.68425803,0.737487254,2140.235228,276.8920269,0.2,500,normal,"(200, 1000)",[[0.91 0.9  0.87 0.87 0.96]],500,sgd,1,0.262512743,5,relu
jackknife_plus_ab,non_linear_multi,0.902,0.686879275,0.736481624,2131.343544,277.3878491,0.5,500,normal,"(200, 1000)",[[0.71 0.85 0.98 0.99 0.98]],500,sgd,1,0.263518373,5,relu
jackknife_plus_ab,non_linear_multi,0.902,0.685033281,0.737189832,2137.45485,278.2595339,1,500,normal,"(200, 1000)",[[0.88 0.91 0.93 0.93 0.86]],500,sgd,1,0.262810166,5,relu
jackknife_plus,non_linear_multi,0.9,1.331626066,0.632926059,2285.119788,283.7566807,0,500,normal,"(200, 1000)",[[0.94 0.84 0.87 0.94 0.91]],500,sgd,1,0.367073941,10,relu
jackknife_plus,non_linear_multi,0.9,1.331626066,0.632926059,2285.119788,283.2542713,0.2,500,normal,"(200, 1000)",[[0.94 0.84 0.87 0.94 0.91]],500,sgd,1,0.367073941,10,relu
jackknife_plus,non_linear_multi,0.9,1.331626066,0.632926059,2285.119788,284.1821272,0.5,500,normal,"(200, 1000)",[[0.94 0.84 0.87 0.94 0.91]],500,sgd,1,0.367073941,10,relu
jackknife_plus,non_linear_multi,0.9,1.331626066,0.632926059,2285.119788,283.6267867,1,500,normal,"(200, 1000)",[[0.94 0.84 0.87 0.94 0.91]],500,sgd,1,0.367073941,10,relu
jackknife_plus_ab,non_linear_multi,0.902,1.313511701,0.637919434,2305.094484,285.0382187,0,500,normal,"(200, 1000)",[[0.87 0.95 0.92 0.93 0.84]],500,sgd,1,0.362080563,10,relu
jackknife_plus_ab,non_linear_multi,0.902,1.32066026,0.635948874,2290.952515,284.8711877,0.2,500,normal,"(200, 1000)",[[0.92 0.88 0.93 0.89 0.89]],500,sgd,1,0.364051124,10,relu
jackknife_plus_ab,non_linear_multi,0.9,1.314243193,0.637717795,2304.279752,285.4304156,0.5,500,normal,"(200, 1000)",[[0.97 0.92 0.84 0.91 0.86]],500,sgd,1,0.362282205,10,relu
jackknife_plus_ab,non_linear_multi,0.9,1.311000931,0.638611552,2309.959166,284.6164992,1,500,normal,"(200, 1000)",[[0.87 0.92 0.91 0.89 0.91]],500,sgd,1,0.361388448,10,relu
jackknife_plus,non_linear_multi,0.918,0.034791338,0.967328315,2454.514994,324.0200038,0,500,normal,"(200, 1000)",[[0.95 0.87 0.9  0.97 0.9 ]],500,lbfgs,1,0.032671371,3,relu
jackknife_plus,non_linear_multi,0.918,0.034791338,0.967328315,2454.514994,323.6704946,0.2,500,normal,"(200, 1000)",[[0.95 0.87 0.9  0.97 0.9 ]],500,lbfgs,1,0.032671371,3,relu
jackknife_plus,non_linear_multi,0.918,0.034791338,0.967328315,2454.514994,325.7358398,0.5,500,normal,"(200, 1000)",[[0.95 0.87 0.9  0.97 0.9 ]],500,lbfgs,1,0.032671371,3,relu
jackknife_plus,non_linear_multi,0.918,0.034791338,0.967328315,2454.514994,323.9024668,1,500,normal,"(200, 1000)",[[0.95 0.87 0.9  0.97 0.9 ]],500,lbfgs,1,0.032671371,3,relu
jackknife_plus_ab,non_linear_multi,0.902,0.031222598,0.970679908,2482.305086,330.1307175,0,500,normal,"(200, 1000)",[[0.89 0.95 0.92 0.84 0.91]],500,lbfgs,1,0.029320088,3,relu
jackknife_plus_ab,non_linear_multi,0.902,0.03106965,0.970823536,2483.313817,328.4051304,0.2,500,normal,"(200, 1000)",[[0.87 0.85 0.93 0.92 0.94]],500,lbfgs,1,0.02917646,3,relu
jackknife_plus_ab,non_linear_multi,0.902,0.031208992,0.970692685,2482.116576,332.7560406,0.5,500,normal,"(200, 1000)",[[0.88 0.91 0.95 0.89 0.88]],500,lbfgs,1,0.029307312,3,relu
jackknife_plus_ab,non_linear_multi,0.898,0.030697635,0.971172883,2484.653124,330.3055761,1,500,normal,"(200, 1000)",[[0.81 0.87 0.93 0.92 0.96]],500,lbfgs,1,0.028827113,3,relu
jackknife_plus,non_linear_multi,0.918,0.122944766,0.952832444,5062.616693,338.1326871,0,500,normal,"(200, 1000)",[[0.92 0.96 0.91 0.89 0.91]],500,lbfgs,1,0.047167247,5,relu
jackknife_plus,non_linear_multi,0.918,0.122944766,0.952832444,5062.616693,400.9200745,0.2,500,normal,"(200, 1000)",[[0.92 0.96 0.91 0.89 0.91]],500,lbfgs,1,0.047167247,5,relu
jackknife_plus,non_linear_multi,0.918,0.122944766,0.952832444,5062.616693,406.3969622,0.5,500,normal,"(200, 1000)",[[0.92 0.96 0.91 0.89 0.91]],500,lbfgs,1,0.047167247,5,relu
jackknife_plus,non_linear_multi,0.918,0.122944766,0.952832444,5062.616693,336.4326656,1,500,normal,"(200, 1000)",[[0.92 0.96 0.91 0.89 0.91]],500,lbfgs,1,0.047167247,5,relu
jackknife_plus_ab,non_linear_multi,0.902,0.116099022,0.95545909,5083.441351,339.9878275,0,500,normal,"(200, 1000)",[[0.92 0.9  0.94 0.9  0.85]],500,lbfgs,1,0.044540906,5,relu
jackknife_plus_ab,non_linear_multi,0.9,0.115344576,0.955748534,5087.301053,338.3213108,0.2,500,normal,"(200, 1000)",[[0.85 0.92 0.95 0.89 0.89]],500,lbfgs,1,0.044251466,5,relu
jackknife_plus_ab,non_linear_multi,0.9,0.114755475,0.95597454,5088.860615,338.9421113,0.5,500,normal,"(200, 1000)",[[0.86 0.88 0.9  0.92 0.94]],500,lbfgs,1,0.04402546,5,relu
jackknife_plus_ab,non_linear_multi,0.902,0.116174405,0.955430169,5081.928081,336.4649994,1,500,normal,"(200, 1000)",[[0.95 0.9  0.91 0.85 0.9 ]],500,lbfgs,1,0.044569827,5,relu
jackknife_plus,non_linear_multi,0.92,0.203924853,0.943786019,6497.766316,350.9893687,0,500,normal,"(200, 1000)",[[0.94 0.93 0.95 0.88 0.9 ]],500,lbfgs,1,0.056213603,10,relu
jackknife_plus,non_linear_multi,0.92,0.203924853,0.943786019,6497.766316,351.1156974,0.2,500,normal,"(200, 1000)",[[0.94 0.93 0.95 0.88 0.9 ]],500,lbfgs,1,0.056213603,10,relu
jackknife_plus,non_linear_multi,0.92,0.203924853,0.943786019,6497.766316,354.3900173,0.5,500,normal,"(200, 1000)",[[0.94 0.93 0.95 0.88 0.9 ]],500,lbfgs,1,0.056213603,10,relu
jackknife_plus,non_linear_multi,0.92,0.203924853,0.943786019,6497.766316,350.5937726,1,500,normal,"(200, 1000)",[[0.94 0.93 0.95 0.88 0.9 ]],500,lbfgs,1,0.056213603,10,relu
jackknife_plus_ab,non_linear_multi,0.904,0.186271924,0.94865256,6573.249426,354.2133236,0,500,normal,"(200, 1000)",[[0.91 0.97 0.9  0.89 0.85]],500,lbfgs,1,0.051347425,10,relu
jackknife_plus_ab,non_linear_multi,0.906,0.186727973,0.948526827,6572.544131,354.540468,0.2,500,normal,"(200, 1000)",[[0.86 0.89 0.96 0.89 0.93]],500,lbfgs,1,0.051473138,10,relu
jackknife_plus_ab,non_linear_multi,0.904,0.187221362,0.948390839,6568.48209,355.4953012,0.5,500,normal,"(200, 1000)",[[0.91 0.9  0.91 0.94 0.86]],500,lbfgs,1,0.051609145,10,relu
jackknife_plus_ab,non_linear_multi,0.9,0.186252677,0.948657881,6572.99327,352.4595537,1,500,normal,"(200, 1000)",[[0.91 0.92 0.87 0.94 0.86]],500,lbfgs,1,0.051342119,10,relu
jackknife_plus_ab,linear_multi,0.904,0.008771153,0.990798329,2303.332277,81.28356504,0,500,normal,"(200, 1000)",[[0.94 0.92 0.94 0.92 0.8 ]],50,adam,1,0.009201655,3,relu
jackknife_plus_ab,linear_multi,0.898,0.008629712,0.990946725,2304.61957,71.50536609,0.2,500,normal,"(200, 1000)",[[0.91 0.91 0.9  0.9  0.87]],50,adam,1,0.009053271,3,relu
jackknife_plus_ab,linear_multi,0.896,0.009583277,0.989946345,2299.898835,69.94348431,0.5,500,normal,"(200, 1000)",[[0.96 0.94 0.91 0.9  0.77]],50,adam,1,0.010053639,3,relu
jackknife_plus_ab,linear_multi,0.9,0.016048051,0.983164187,2267.162875,100.5938208,1,500,normal,"(200, 1000)",[[0.97 0.95 0.91 0.93 0.79]],50,adam,1,0.016835714,3,relu
jackknife_plus_ab,linear_multi,0.904,0.039325391,0.984541749,5183.55711,145.952625,0,500,normal,"(200, 1000)",[[0.85 0.92 0.93 0.93 0.89]],50,adam,1,0.015458236,5,relu
jackknife_plus_ab,linear_multi,0.896,0.038980972,0.984677135,5187.191962,138.5017569,0.2,500,normal,"(200, 1000)",[[0.87 0.92 0.91 0.91 0.87]],50,adam,1,0.015322849,5,relu
jackknife_plus_ab,linear_multi,0.9,0.037367494,0.985311287,5195.901335,140.2970896,0.5,500,normal,"(200, 1000)",[[0.96 0.91 0.89 0.93 0.86]],50,adam,1,0.014688615,5,relu
jackknife_plus_ab,linear_multi,0.91,0.032496043,0.987226182,5219.410416,150.0591643,1,500,normal,"(200, 1000)",[[1.   0.97 0.94 0.94 0.7 ]],50,adam,1,0.012773719,5,relu
jackknife_plus_ab,linear_multi,0.908,0.056120134,0.981909656,5797.356482,130.9796262,0,500,normal,"(200, 1000)",[[0.96 0.94 0.94 0.92 0.78]],50,adam,1,0.018090281,10,relu
jackknife_plus_ab,linear_multi,0.908,0.058188045,0.981243067,5790.014041,139.0829473,0.2,500,normal,"(200, 1000)",[[0.97 0.92 0.92 0.92 0.81]],50,adam,1,0.01875687,10,relu
jackknife_plus_ab,linear_multi,0.908,0.052964554,0.982926855,5817.128981,164.7806883,0.5,500,normal,"(200, 1000)",[[0.98 0.94 0.97 0.92 0.73]],50,adam,1,0.017073082,10,relu
jackknife_plus_ab,linear_multi,0.904,0.052170396,0.983182898,5823.000253,173.0037696,1,500,normal,"(200, 1000)",[[0.97 0.94 0.92 0.96 0.73]],50,adam,1,0.016817086,10,relu
jackknife_plus_ab,poly_multi,0.908,0.038703018,0.98440069,5405.899557,109.7597771,0,500,normal,"(200, 1000)",[[0.91 0.91 0.87 0.96 0.89]],50,adam,1,0.015599247,3,relu
jackknife_plus_ab,poly_multi,0.904,0.038289434,0.984567433,5408.438274,108.9162161,0.2,500,normal,"(200, 1000)",[[0.98 0.91 0.92 0.89 0.82]],50,adam,1,0.015432551,3,relu
jackknife_plus_ab,poly_multi,0.906,0.036615454,0.98524211,5414.83595,112.9030213,0.5,500,normal,"(200, 1000)",[[0.97 0.96 0.93 0.9  0.77]],50,adam,1,0.014757854,3,relu
jackknife_plus_ab,poly_multi,0.908,0.036001966,0.985489349,5416.421919,109.0815406,1,500,normal,"(200, 1000)",[[0.92 0.95 0.96 0.93 0.78]],50,adam,1,0.014510588,3,relu
jackknife_plus_ab,poly_multi,0.9,0.220548794,0.971180808,15426.734,264.3190162,0,500,normal,"(200, 1000)",[[0.92 0.92 0.95 0.92 0.79]],50,adam,1,0.028819192,5,relu
jackknife_plus_ab,poly_multi,0.902,0.230434256,0.969889067,15373.5048,257.2800064,0.2,500,normal,"(200, 1000)",[[0.98 0.93 0.92 0.92 0.76]],50,adam,1,0.030110929,5,relu
jackknife_plus_ab,poly_multi,0.904,0.229598233,0.969998299,15381.76172,257.2925105,0.5,500,normal,"(200, 1000)",[[0.9  0.93 0.94 0.92 0.83]],50,adam,1,0.030001686,5,relu
jackknife_plus_ab,poly_multi,0.916,0.229296299,0.97003752,15379.76228,258.2668037,1,500,normal,"(200, 1000)",[[0.97 0.97 0.92 0.88 0.84]],50,adam,1,0.029962232,5,relu
jackknife_plus_ab,poly_multi,0.924,2.28608707,0.88747599,26613.97063,316.5795753,0,500,normal,"(200, 1000)",[[0.99 0.98 0.92 0.94 0.79]],50,adam,1,0.112523499,10,relu
jackknife_plus_ab,poly_multi,0.912,2.14056744,0.894638995,27552.46442,334.754564,0.2,500,normal,"(200, 1000)",[[0.97 0.96 0.97 0.94 0.72]],50,adam,1,0.105360877,10,relu
jackknife_plus_ab,poly_multi,0.908,2.252413219,0.889133905,26750.78463,321.4107125,0.5,500,normal,"(200, 1000)",[[0.93 0.98 0.97 0.91 0.75]],50,adam,1,0.110866038,10,relu
jackknife_plus_ab,poly_multi,0.914,2.276479387,0.887949227,26718.66907,322.0640061,1,500,normal,"(200, 1000)",[[0.99 0.97 0.94 0.96 0.71]],50,adam,1,0.112050599,10,relu
jackknife_plus_ab,non_linear_multi,0.902,0.011849036,0.988872966,2578.622219,124.7122664,0,500,normal,"(200, 1000)",[[0.93 0.91 0.92 0.91 0.84]],50,adam,1,0.01112703,3,relu
jackknife_plus_ab,non_linear_multi,0.91,0.012217928,0.988526457,2577.566158,123.1580303,0.2,500,normal,"(200, 1000)",[[0.93 0.95 0.92 0.94 0.81]],50,adam,1,0.011473444,3,relu
jackknife_plus_ab,non_linear_multi,0.904,0.012870638,0.987913602,2574.024086,122.3781235,0.5,500,normal,"(200, 1000)",[[0.95 0.93 0.91 0.84 0.89]],50,adam,1,0.012086382,3,relu
jackknife_plus_ab,non_linear_multi,0.91,0.012458277,0.988300753,2575.961108,122.1765707,1,500,normal,"(200, 1000)",[[0.93 0.88 0.94 0.96 0.84]],50,adam,1,0.011699148,3,relu
jackknife_plus_ab,non_linear_multi,0.902,0.059788269,0.977062476,5345.008896,210.7741103,0,500,normal,"(200, 1000)",[[0.97 0.95 0.95 0.91 0.73]],50,adam,1,0.02293752,5,relu
jackknife_plus_ab,non_linear_multi,0.912,0.061498314,0.976406287,5332.035145,208.5126638,0.2,500,normal,"(200, 1000)",[[0.96 0.93 0.93 0.91 0.83]],50,adam,1,0.023593572,5,relu
jackknife_plus_ab,non_linear_multi,0.908,0.055590748,0.978672778,5358.529539,220.0362284,0.5,500,normal,"(200, 1000)",[[1.   0.95 0.93 0.86 0.8 ]],50,adam,1,0.021327159,5,relu
jackknife_plus_ab,non_linear_multi,0.904,0.055583148,0.978675741,5359.741821,219.9114606,1,500,normal,"(200, 1000)",[[0.99 0.98 0.93 0.89 0.73]],50,adam,1,0.021324243,5,relu
jackknife_plus_ab,non_linear_multi,0.908,0.132789826,0.963395305,6864.129746,281.7268393,0,500,normal,"(200, 1000)",[[0.91 0.94 0.93 0.9  0.86]],50,adam,1,0.036604634,10,relu
jackknife_plus_ab,non_linear_multi,0.906,0.141168419,0.961085702,6825.877442,273.8274295,0.2,500,normal,"(200, 1000)",[[0.97 0.95 0.94 0.91 0.76]],50,adam,1,0.038914264,10,relu
jackknife_plus_ab,non_linear_multi,0.908,0.136448464,0.96238677,6844.265633,271.9244032,0.5,500,normal,"(200, 1000)",[[0.97 0.96 0.93 0.92 0.76]],50,adam,1,0.037613168,10,relu
jackknife_plus_ab,non_linear_multi,0.9,0.131173164,0.963841012,6871.13813,276.8969858,1,500,normal,"(200, 1000)",[[0.97 0.93 0.91 0.95 0.74]],50,adam,1,0.036158988,10,relu
